seller_id,seller_state,total_orders,total_revenue,avg_review_score,late_rate_pct,avg_delay_days,composite_score,performance_tier,perf_rank,perf_quartile
53243585a1d6dc2643021fd1853d8905,BA,348,217940.44,4.19,3.4,-11.5,87.6,Elite,1,1
4869f7a5dfa277a7dca6462dcf3b52b2,SP,1117,227948.34,4.16,10.6,-11.1,83.8,Elite,2,1
7e93a43ef30c4f03f38b393420bc753a,SP,317,165325.02,4.38,4.4,-12.7,83.3,Elite,3,1
fa1c13f2614d7b5c4749cbc52fecda94,SP,571,190179.81,4.39,9.3,-10.3,83.1,Elite,4,1
da8622b14eb17ae2831f4ac5b9dab84a,SP,1295,160976.27,4.19,6.7,-10.9,79.2,Elite,5,1
7a67c85e85bb2ce8582c35f2203ad736,SP,1134,140456.14,4.3,5.2,-12.0,79.2,Elite,5,1
4a3ca9315b744ce9f8e9374361493884,SP,1726,198108.39,3.89,10.0,-9.4,77.8,Elite,7,1
955fee9216a65b617aa5c0531780ce60,SP,1255,131943.4,4.21,6.1,-10.2,76.7,Elite,8,1
46dc3b2cc0980fb8ec44634e21d2718e,RJ,500,122116.11,4.29,5.8,-12.1,76.7,Elite,8,1
e882b2a25a10b9c057cc49695f222c19,RJ,57,51057.54,4.58,0.0,-19.1,75.8,Elite,10,1
2addf05f476d0637864454e93ba673d5,DF,12,4552.0,5.0,0.0,-15.1,75.5,Elite,11,1
48efc9d94a9834137efd9ea76b065a38,PR,33,345.6,5.0,0.0,-24.5,75.0,Elite,12,1
b1fecf4da1fa2689bccffa0121953643,MS,19,3669.64,4.95,0.0,-21.7,74.8,Good,13,1
a1043bafd471dff536d0c462352beb48,MG,699,99676.47,4.28,5.0,-12.4,74.6,Good,14,1
41c2bad7229b0c25e6becf179ebf63ff,RN,20,782.0,4.95,0.0,-16.0,74.5,Good,15,1
de0c78824586e9a5f5f04fd84e25df39,SP,13,2283.3,4.92,0.0,-20.0,74.3,Good,16,1
2d518637f53161b973e01f56ea4bb88e,SP,13,1219.89,4.92,0.0,-21.6,74.2,Good,17,1
334cab711dee080b079fa5779b584783,SP,11,1319.1,4.91,0.0,-13.5,74.1,Good,18,1
1025f0e2d44d7041d6cf58b6550e0bfa,SP,898,138739.25,4.02,8.0,-10.8,74.1,Good,18,1
788e857f317e53de488d393e65a80f45,SP,11,1210.0,4.91,0.0,-13.8,74.1,Good,18,1
d4910f1cdcfdabd48d6b316e395d4a23,SP,11,1146.88,4.91,0.0,-9.0,74.1,Good,18,1
9d681c7e12db302cb261e721040dde65,PR,13,785.6,4.92,0.0,-14.5,74.1,Good,18,1
620c87c171fb2a6dd6e8bb4dec959fc6,RJ,720,112623.7,4.31,8.8,-13.7,74.0,Good,23,1
e627629ba868740e287800f1a9be81c2,SP,10,317.2,4.9,0.0,-11.5,73.9,Good,24,1
2f4b0d3b9634b647d4edee577d7ebb7e,SP,10,337.9,4.9,0.0,-8.5,73.9,Good,24,1
b410bdd36d5db7a65dcd42b7ead933b8,GO,42,7368.9,4.81,0.0,-15.5,73.6,Good,26,1
6560211a19b47992c3666cc44a7e94c0,SP,1808,121532.09,3.99,5.3,-11.5,73.5,Good,27,1
21e83881401b92b49fb09a16d3852291,MG,12,3109.06,4.83,0.0,-13.6,73.4,Good,28,1
cc419e0650a3c5ba77189a1882b7556a,SP,1648,102160.89,4.16,5.3,-13.0,73.3,Good,29,1
42fa4ee7240e9b8eb4576358ec142ba7,RS,22,3935.6,4.81,0.0,-15.7,73.2,Good,30,1
30a81d8cf85fb2ada1b1b094c9583a95,SP,17,1245.42,4.82,0.0,-8.2,73.1,Good,31,1
c3cfdc648177fdbbbb35635a37472c53,PR,273,42455.58,4.51,1.5,-16.1,73.1,Good,31,1
b080809eaacb49e5ca07290981472431,MG,11,424.0,4.82,0.0,-10.4,73.0,Good,33,1
257e61d3251fb5efb9daadddbc2cf7ca,PR,12,7729.0,4.75,0.0,-17.7,73.0,Good,33,1
d4f117125b59ce73c3302f88ee40c458,SP,17,783.29,4.82,0.0,-11.7,73.0,Good,33,1
52562a9f449c3dc3d53f5f5b9ed74903,RN,14,3266.6,4.79,0.0,-18.4,72.9,Good,36,1
54583ab379489add547fe47b628db589,SP,10,2240.0,4.8,0.0,-6.2,72.9,Good,36,1
0ff83046c3fa22efee8ecf291888b191,RS,10,768.9,4.8,0.0,-17.7,72.8,Good,38,1
5f26c1408a65b42a7224cd463bdf3292,PR,10,1139.8,4.8,0.0,-15.4,72.8,Good,38,1
aac51c486b672a9850d59f3e84b1cf88,SP,10,728.28,4.8,0.0,-8.5,72.8,Good,38,1
5bffbafbb22daf6d3bfc216a46db8708,RJ,21,5239.7,4.76,0.0,-16.7,72.8,Good,38,1
ffad1e7127fb622cb64a900751590acd,SP,10,884.3,4.8,0.0,-11.8,72.8,Good,38,1
edb1ef5e36e0c8cd84eb3c9b003e486d,RJ,165,79292.7,4.44,7.3,-13.5,72.7,Good,43,1
3d871de0142ce09b7081e2b9d1733cb1,SP,1052,93580.9,4.2,5.5,-13.0,72.7,Good,43,1
7c67e1448b00f6e969d365cea6b010ab,SP,965,185269.66,3.5,9.1,-11.5,72.6,Good,45,1
7ade73f1b9b4e965f9009a4c3a7e2c15,SP,26,1861.45,4.77,0.0,-13.1,72.6,Good,45,1
77e4abfd739aed9c46480f90f81c0eb4,DF,17,3607.99,4.76,0.0,-16.0,72.6,Good,45,1
60562ab00b8054280520d390c8c0045c,SP,17,2943.0,4.76,0.0,-14.3,72.6,Good,45,1
cfd7ddab722b902f7ac5b5f3ba6d723d,MG,12,3385.03,4.75,0.0,-13.2,72.5,Good,49,1
b494891378bd8f4560abe576c52deacd,SP,19,2839.0,4.74,0.0,-7.8,72.3,Good,50,1
5dceca129747e92ff8ef7a997dc4f8ca,SP,321,110342.62,4.01,5.6,-11.2,72.3,Good,50,1
79ed755314cfe6df0daef2c6cd3022cd,SP,23,3907.5,4.73,0.0,-13.7,72.3,Good,50,1
985c92cc412091f8529c12d7f23d3fef,MG,12,1368.5,4.75,0.0,-14.0,72.3,Good,50,1
da6a60cc8cc724fe51be021ff8be779c,RJ,12,728.79,4.75,0.0,-13.4,72.2,Good,54,1
12b9676b00f60f3b700e83af21824c0e,RS,133,26376.0,4.54,0.8,-21.2,72.1,Good,55,1
7238a95bb63ef7e498389fb863b834a1,SP,15,2265.7,4.73,0.0,-9.5,72.1,Good,55,1
f1fd5ab1181f827ffad998c1a5de7d74,PR,15,7045.99,4.67,0.0,-12.9,72.0,Good,57,1
f0e103c63864d5405b958d984b6e94c9,SP,11,951.7,4.73,0.0,-12.0,72.0,Good,57,1
83e197e95a1bbabc8c75e883ed016c47,RJ,46,6574.19,4.8,2.2,-14.2,72.0,Good,57,1
33cbbec1e7e1044aaf11d152172c776f,RS,15,730.67,4.73,0.0,-16.2,72.0,Good,57,1
d566c37fa119d5e66c4e9052e83ee4ea,SP,64,5077.8,4.68,0.0,-10.7,71.9,Good,61,1
6061155addc1e54b4cfb51c1c2a32ad8,SP,27,15614.4,4.78,3.7,-9.0,71.9,Good,61,1
0eaa7e33d73809f1f925f7d07c506cbd,SP,15,1552.0,4.71,0.0,-14.8,71.8,Good,63,1
dfc475d54e1b6dbeeb7d7d9bdaa63827,PR,17,1691.47,4.71,0.0,-14.8,71.8,Good,63,1
744dac408745240a2c2528fb1b6028f3,PR,78,22561.6,4.58,1.3,-16.8,71.8,Good,63,1
3785b653b1b82de85ab47dd139938091,PR,21,1676.99,4.71,0.0,-18.3,71.8,Good,63,1
013900e863eace745d3ec7614cab5b1a,PR,23,1619.7,4.7,0.0,-15.5,71.7,Good,67,1
671585f5a2af58b6e276bc01003c0d2b,PR,27,1244.0,4.7,0.0,-14.0,71.7,Good,67,1
37be5a7c751166fbc5f8ccba4119e043,SP,269,54735.55,4.32,2.6,-13.5,71.6,Good,69,1
89a51f50b8095ea78d5768f34c13a76f,DF,10,677.16,4.7,0.0,-13.2,71.6,Good,69,1
3c010235b7345c92f125d14ee232a76b,PR,15,3578.0,4.67,0.0,-9.1,71.6,Good,69,1
3ca08eeb8d5595949fed424bd3677742,PR,13,1688.88,4.69,0.0,-14.4,71.6,Good,69,1
1f50f920176fa81dab994f9023523100,SP,1384,107302.29,4.16,9.0,-10.3,71.6,Good,69,1
2c4c47cb51acd5ea5db5e0ae0e26542a,SP,12,2595.89,4.67,0.0,-13.9,71.5,Good,74,1
638cba8be1fb599bbb76fd6948351eb3,SP,16,535.4,4.69,0.0,-11.3,71.5,Good,74,1
82cb9f452fe8334df74b22d37824b431,RS,13,757.7,4.69,0.0,-19.0,71.5,Good,74,1
d921b68bf747894be13a97ae52b0f386,MG,76,15422.8,4.61,1.3,-15.9,71.4,Good,77,1
02f5837340d7eb4f653d676c7256523a,PR,30,3883.05,4.83,3.3,-17.3,71.4,Good,77,1
080199a181c46c657dc5aa235411be3b,SP,78,14324.71,4.61,1.3,-9.5,71.3,Good,79,1
f4a04f7be452aa3bb31760bf00055dd0,SP,18,1312.1,4.67,0.0,-19.9,71.3,Good,79,1
26785a546900236d66f2e4197c211158,SP,15,1019.2,4.67,0.0,-18.7,71.3,Good,79,1
ccc4bbb5f32a6ab2b7066a4130f114e3,PR,183,72745.62,4.34,6.6,-16.9,71.3,Good,79,1
26d6bbee02420494d471c9f6436929c0,PR,12,434.51,4.67,0.0,-10.8,71.3,Good,79,1
6b15924333bd1a741595fe981ea04822,SP,21,639.22,4.67,0.0,-11.3,71.3,Good,79,1
caa9bc43a9fe8cf9c564ddd8a03cc4a6,SP,13,803.87,4.67,0.0,-11.7,71.3,Good,79,1
41da412d33e8da4f22baf55cb1bde82c,ES,15,862.9,4.67,0.0,-18.9,71.3,Good,79,1
02ecc2a19303f05e59ce133fd923fff7,SP,21,5361.19,4.62,0.0,-15.0,71.2,Good,87,1
5a93f3ab0ef4c84ed5e1b5dbf23978bc,SP,38,2299.28,4.79,2.6,-18.8,71.2,Good,87,1
31561f325664a8a7aba4c8d0c3a9b3db,SP,36,2776.18,4.64,0.0,-9.5,71.2,Good,87,1
72bc2cce903c872fe376a8faaa81d237,SP,17,2149.2,4.65,0.0,-8.2,71.2,Good,87,1
960945e1a9535cbc0cd6ddd35fbe7ae8,SP,28,3441.53,4.64,0.0,-10.3,71.2,Good,87,1
512d298ac2a96d1931b6bd30aa21f61d,RJ,10,7352.04,4.6,0.0,-16.5,71.2,Good,87,1
cc3d14116804f7209f3884f6367f1152,PR,26,5437.8,4.62,0.0,-17.3,71.2,Good,87,1
42ef3192a9ff87a22d1867b74b3ee205,SP,23,1354.09,4.65,0.0,-11.0,71.1,Good,94,1
eeb6de78f79159600292e314a77cbd18,SC,82,43510.84,4.44,3.7,-16.9,71.1,Good,94,1
f67efa3f0b6761102a7f8c6b7b571f5d,PR,30,5138.68,4.6,0.0,-17.6,71.0,Good,96,1
c72de06d72748d1a0dfb2125be43ba63,BA,21,17522.0,4.48,0.0,-18.6,71.0,Good,96,1
7ff588a03c2aeae4fbd23f9ae64b760d,SP,14,1182.2,4.64,0.0,-9.7,71.0,Good,96,1
ac3508719a1d8f5b7614b798f70af136,RS,100,12410.14,4.64,2.0,-18.1,71.0,Good,96,1
718539d38d07dd351c76db862760e2e2,SP,35,1287.81,4.63,0.0,-14.0,70.9,Good,100,1
df91910b6a03bb2e3358fa6a35e32f6f,SP,13,2123.19,4.62,0.0,-13.3,70.9,Good,100,1
2b3e4a2a3ea8e01938cabda2a3e5cc79,SP,51,22448.2,4.43,0.0,-11.8,70.9,Good,100,1
c2d70ce2c5d0a2eb75e78668236e6dc8,SP,13,2470.9,4.62,0.0,-12.9,70.9,Good,100,1
6338ea67c41078a46ad99cc009654956,RS,36,2276.1,4.62,0.0,-15.9,70.9,Good,100,1
8daab2245ebdc277c51098d01c5ad8ef,SP,16,1604.59,4.62,0.0,-17.4,70.8,Good,105,1
e7f3bf1ecd8526eb7f3b18059e6716e5,SP,16,1282.14,4.62,0.0,-14.5,70.8,Good,105,1
de722cd6dad950a92b7d4f82673f8833,PE,337,55327.21,4.3,3.6,-15.5,70.8,Good,105,1
59417c56835dd8e2e72f91f809cd4092,SP,18,36459.0,4.28,0.0,-21.2,70.8,Good,105,1
679769a98cfcc6da877c8486ff1c13f3,MG,21,7029.0,4.57,0.0,-15.6,70.8,Good,105,1
b2a6d334e2833acea353624840e25a0e,SP,24,1626.08,4.62,0.0,-17.2,70.8,Good,105,1
289cdb325fb7e7f891c38608bf9e0962,SP,104,13080.55,4.61,1.9,-10.1,70.8,Good,105,1
0ebd97a106433a45a4aebe57c1799778,MG,30,3111.7,4.6,0.0,-17.0,70.7,Good,112,1
51e4e89242cbb846c2deff3dc015650e,RS,16,822.58,4.62,0.0,-16.0,70.7,Good,112,1
6a38087bc8ad4f89ff453561005f6dea,GO,15,1833.43,4.6,0.0,-12.8,70.6,Good,114,1
596849622429351f47b32e6cae1055ff,SP,11,1005.0,4.6,0.0,-8.8,70.5,Good,115,1
59cea8e446d3834393058e7e0666b6fb,PR,10,696.6,4.6,0.0,-16.5,70.5,Good,115,1
612170e34b97004b3ba37eae81836b4c,RS,107,23184.52,4.43,0.9,-18.4,70.5,Good,115,1
06bb3a2fe5e7b7a845b13e8fb91bd944,MG,17,1536.19,4.59,0.0,-13.8,70.5,Good,115,1
a5cba26a62b8b4d0145b68b841e62e7f,PR,53,14438.84,4.57,1.9,-14.8,70.5,Good,115,1
d1b65fc7debc3361ea86b5f14c68d2e2,SP,39,11413.17,4.64,2.6,-16.0,70.5,Good,115,1
8a2d12a90e92f012ce5226fc6592b653,PR,18,1660.65,4.59,0.0,-15.9,70.5,Good,115,1
8ae520247981aa06bc94abddf5f46d34,SC,65,16320.99,4.45,0.0,-16.4,70.5,Good,115,1
02c988090b766852e088c69d7fb3b551,SP,12,1564.37,4.58,0.0,-11.1,70.4,Good,123,1
916c9de0b5ad957346eeeb12f332687e,PR,22,5336.5,4.55,0.0,-18.0,70.4,Good,123,1
e49c26c3edfa46d227d5121a6b6e4d37,PE,34,3644.25,4.56,0.0,-19.6,70.4,Good,123,1
e2c92f9c1c7746d899d18f2e158bbff7,SP,12,1641.9,4.58,0.0,-10.1,70.4,Good,123,1
834f3294fba9f932f56edc879193f925,SP,65,39297.5,4.55,6.2,-9.6,70.3,Good,127,1
b347677812ea483b0f528eaf8cbc09b7,PR,21,7368.89,4.52,0.0,-17.0,70.3,Good,127,1
33a17d60c64393351ebf1ef860f4e0f2,RS,42,8001.51,4.64,2.4,-15.5,70.2,Good,129,1
6df688df543f90e9b38f4319e75a9d88,MG,39,1891.76,4.56,0.0,-15.4,70.2,Good,129,1
8602a61d680a10a82cceeeda0d99ea3d,SP,14,880.59,4.57,0.0,-11.1,70.2,Good,129,1
bc2ac6b95e1accce9858528ee566c17e,SP,18,2045.0,4.56,0.0,-10.1,70.2,Good,129,1
ade45994b717ccee333492330fbf037b,PR,10,7196.0,4.5,0.0,-25.2,70.1,Good,133,1
95ec4458365c4d11f452ccf538377619,SP,26,1919.06,4.76,3.8,-9.9,70.1,Good,133,1
bbf9ad41dca6603e614efcdad7aab8c4,CE,14,7846.0,4.5,0.0,-21.7,70.1,Good,133,1
2a5b78b41cd05baeac8df54c6606b92c,MG,46,15623.28,4.54,2.2,-19.4,70.1,Good,133,1
db46ca7bce82b11f7e247539271fc390,RJ,16,1082.45,4.56,0.0,-13.4,70.1,Good,133,1
41ab63a91b8b264e8c8780368bf1dd5b,MG,11,2452.95,4.55,0.0,-23.3,70.1,Good,133,1
acce39e832338debb07b02385cde5967,MG,43,4618.2,4.53,0.0,-10.0,70.1,Good,133,1
d1c7fa84e48cfa21a0e595167c1c500e,RS,11,1121.18,4.55,0.0,-18.8,70.0,Good,140,1
817f85dbb65aa3e70831d90fe75cdf89,SP,11,1552.27,4.55,0.0,-25.5,70.0,Good,140,1
d66c11a9572221d92fbb8c4897db5f9b,RJ,16,776.56,4.56,0.0,-11.2,70.0,Good,140,1
b372ee768ed69e46ca8cdbd267aa7a38,SP,63,12630.0,4.44,0.0,-19.2,70.0,Good,140,1
d9bd94811c3338dceb4181f3dbc0c73e,SP,54,6911.02,4.8,5.6,-7.9,70.0,Good,140,1
516e7738bd8f735ac19a010ee5450d8d,RJ,73,6501.19,4.64,2.7,-19.0,69.9,Good,145,1
fe2032dab1a61af8794248c8196565c9,SP,292,66112.51,4.4,8.9,-10.9,69.9,Good,145,1
d06d019f72a04e5497a0b64190af170c,SP,17,2415.93,4.53,0.0,-12.5,69.9,Good,145,1
b1ac6ea7895bc3dd6f0f6f4abbdd2821,RS,38,2962.0,4.53,0.0,-16.8,69.9,Good,145,1
ba90964cff9b9e0e6f32b23b82465f7b,SP,38,44212.5,4.42,5.3,-12.0,69.9,Good,145,1
63a79f5a7eb5cb48a7e5787b141c7993,MG,11,896.8,4.55,0.0,-14.1,69.9,Good,145,1
9de4643a8dbde634fe55621059d92273,SC,72,17640.24,4.53,2.8,-11.8,69.8,Good,151,1
d23019c84ffae2d5ef2270367b8605fc,PR,39,29335.99,4.41,2.6,-14.4,69.8,Good,151,1
cac876b37d3abcd6bd76caca30277996,PR,26,2149.87,4.52,0.0,-16.0,69.7,Good,153,1
725c32fa80c2faacc4fc88450d27314e,SP,88,7698.89,4.52,1.1,-12.4,69.7,Good,153,1
f8db351d8c4c4c22c6835c19a46f01b0,SP,651,50007.37,4.29,4.3,-11.9,69.7,Good,153,1
376a891762bbdecbc02b4b6adec3fdda,GO,57,6406.23,4.67,3.5,-15.2,69.7,Good,153,1
7299e27ed73d2ad986de7f7c77d919fa,MG,334,34372.24,4.43,4.2,-12.5,69.6,Good,157,1
5cf13accae3222c70a9cac40818ae839,MG,144,14140.55,4.51,2.1,-14.0,69.6,Good,157,1
6c7d50c24b3ccd2fd83b44d8bb34e073,SP,109,8898.48,4.53,1.8,-11.9,69.5,Good,159,1
6bbcb8924baf70b7fe2fe2097e8cd407,SC,10,2382.5,4.5,0.0,-18.1,69.5,Good,159,1
0432ead42b6c8a0bdf68154add917fdf,SP,80,7573.5,4.58,2.5,-13.2,69.5,Good,159,1
dbc22125167c298ef99da25668e1011f,MG,387,32414.76,4.35,2.6,-13.7,69.5,Good,159,1
7d13fca15225358621be4086e1eb0964,SP,555,114174.13,4.05,11.5,-10.8,69.5,Good,159,1
226b05fe067266c59c15dae208213d06,PR,10,1056.9,4.5,0.0,-13.5,69.4,Good,164,1
e48b04bf1aa1ef711caebeb7aede6180,PR,25,3187.1,4.48,0.0,-15.6,69.4,Good,164,1
431050a06a317f2b38168dec3dcd2b46,SP,10,1370.0,4.5,0.0,-14.1,69.4,Good,164,1
d1b9d4be4b6f9ebd85f8acd6745ba612,MG,10,1040.2,4.5,0.0,-17.9,69.4,Good,164,1
18e694e0e48ed6f7aa3f24aade5fd697,SP,31,701.54,4.68,3.2,-12.8,69.4,Good,164,1
68f86ba270525243e68ae74044f992b9,RJ,10,777.5,4.5,0.0,-13.7,69.4,Good,164,1
d8c7ba53e7e38711eaef8c2849d6d2e1,PR,22,1207.77,4.5,0.0,-18.5,69.4,Good,164,1
a425f92c199eb576938df686728acd20,PR,16,1106.3,4.5,0.0,-15.2,69.4,Good,164,1
88cf19ec1fc2c58f161aee259d57142c,SP,14,1372.97,4.5,0.0,-13.3,69.4,Good,164,1
325f3178fb58e2a9778334621eecdbf9,SP,35,1207.42,4.49,0.0,-11.5,69.3,Good,173,1
2059c39f76271d4ca3f15b5ffaccc8b8,PR,12,604.9,4.5,0.0,-13.3,69.3,Good,173,1
0ea22c1cfbdc755f86b9b54b39c16043,MG,225,10735.69,4.45,0.9,-16.7,69.3,Good,173,1
8ed8ea9a57c862f2c18c2fe41f601d56,SC,19,3831.9,4.47,0.0,-15.7,69.3,Good,173,1
3504c0cb71d7fa48d967e0e4c94d59d9,SP,52,2303.14,4.48,0.0,-10.7,69.3,Good,173,1
989becdce12ebc39863c2bceab6f3ca1,PR,15,6302.9,4.8,6.7,-15.5,69.2,Good,178,1
5160d23075764e18e07c1f4a87fad743,SP,32,2459.8,4.47,0.0,-9.8,69.2,Good,178,1
f9244d45189d3a3605499abddeade7d5,SP,20,15081.44,4.35,0.0,-24.2,69.2,Good,178,1
65febd49fd28ec955651299159b1f527,SP,33,4136.71,4.45,0.0,-13.0,69.2,Good,178,1
c864036feaab8c1659f65ea4faebe1da,PR,58,10454.2,4.57,3.4,-13.4,69.1,Good,182,1
87142160b41353c4e5fca2360caf6f92,RS,302,30683.03,4.41,4.0,-15.0,69.1,Good,182,1
6cd68b3ed6d59aaa9fece558ad360c0a,MG,148,11317.57,4.45,1.4,-14.1,69.1,Good,182,1
c3e1abd72a42fe690fcd89cf5720fe29,SP,13,1798.61,4.46,0.0,-11.4,69.0,Good,185,1
bf3c6d2a28b2b5501e6c15448982dcc9,SP,35,3956.5,4.6,2.9,-11.9,69.0,Good,185,1
a3dd39f583bc80bd8c5901c95878921e,BA,34,4607.81,4.59,2.9,-11.8,69.0,Good,185,1
9baf5cb77970f539089d09a38bcec5c3,SP,31,5989.68,4.42,0.0,-18.1,69.0,Good,185,1
8581055ce74af1daba164fdbd55a40de,SP,377,63785.62,4.31,8.2,-9.0,69.0,Good,185,1
d57e18d5f73c7ccb7f7339b61166898d,SP,60,3151.8,4.45,0.0,-11.4,69.0,Good,185,1
594f9aaa48e5bf431f011ddc5669b0d5,MG,37,3248.8,4.59,2.7,-13.7,69.0,Good,185,1
bd697db56ff8e7c9cd1abeb7f72029b2,SP,20,2769.8,4.45,0.0,-12.8,69.0,Good,185,1
850f4f8af5ea87287ac68de36e29107f,SP,185,45358.27,4.31,4.9,-14.7,69.0,Good,185,1
77fccaae319668a8ab6cd0fd16aec48c,RJ,11,1667.0,4.45,0.0,-11.5,68.9,Good,194,1
9d5a9018aee56acb367ba9c3f05d1d6a,GO,66,10249.97,4.45,1.5,-13.5,68.9,Good,194,1
57e632711dec9ec14ca7546769483e7e,SC,61,6417.06,4.41,0.0,-16.7,68.9,Good,194,1
116ccb1a1604bc88e4d234a8c23f33de,SP,60,1960.79,4.63,3.3,-10.1,68.9,Good,194,1
bf100ecb7997df312b285358fb32f92c,PR,20,1991.9,4.44,0.0,-16.6,68.8,Good,198,1
141440cad9341e553f8401c574a2aa38,PR,11,1288.2,4.45,0.0,-21.8,68.8,Good,198,1
0bb738e4d789e63e2267697c42d35a2d,SP,28,1979.4,4.64,3.6,-14.0,68.8,Good,198,1
1771297ac436903d1dd6b0e9279aa505,SP,28,2881.27,4.63,3.6,-15.2,68.8,Good,198,1
e6a69c4a27dfdd98ffe5aa757ad744bc,SP,20,495.67,4.45,0.0,-15.8,68.8,Good,198,1
34d1ca11b242c0fee2c834ae8d788566,MG,40,13422.24,4.33,0.0,-13.9,68.8,Good,198,1
670a9dda115b5a88b18cfadee8de2332,SP,11,918.9,4.45,0.0,-17.8,68.8,Good,198,1
bd4889b5e9133b35b66e42a8665cea5c,SP,36,6271.9,4.4,0.0,-13.7,68.8,Good,198,1
d4e4b5192cba4e0e66eb12a9d347239d,PR,11,431.9,4.45,0.0,-16.1,68.7,Good,206,1
0df3984f9dfb3d49ac6366acbd3bbb85,MG,85,9981.39,4.42,1.2,-14.7,68.7,Good,206,1
4d6d651bd7684af3fffabd5f08d12e5a,SP,358,42605.5,4.25,3.9,-13.0,68.7,Good,206,1
e9c6969d40e6a3d2d0f90013165c2b98,SP,10,5239.98,4.4,0.0,-18.3,68.7,Good,206,1
1b938a7ec6ac5061a66a3766e0e75f90,SP,29,3916.7,4.41,0.0,-14.8,68.7,Good,206,1
33a6f4b1e7cdc205511e76ba1b6e0186,SP,102,10312.02,4.46,2.0,-13.0,68.7,Good,206,1
f41ce2e25237f9092cd8e6e7516c7a2f,SP,26,1961.9,4.42,0.0,-14.3,68.6,Good,212,1
4da0e408c99d2fdc2126dc9fce518060,PR,44,3089.92,4.41,0.0,-20.7,68.6,Good,212,1
bf00385a5f7fc1ef39a13c2e9ee50a5f,SP,28,855.4,4.43,0.0,-10.8,68.6,Good,212,1
d6ab728cf30867cf3f1a2e216ae2f9b7,SP,12,2002.0,4.42,0.0,-10.0,68.6,Good,212,1
3092c0b297aacfb4bb6e056ebe13b9b8,SP,14,954.5,4.43,0.0,-26.1,68.6,Good,212,1
a2b5b6105ea5942300631d2e76f4ffe0,SP,16,3286.69,4.75,6.2,-8.1,68.6,Good,212,1
7e26c750b4cb9f6766f58265ff9ebe95,MG,23,1344.3,4.43,0.0,-13.7,68.6,Good,212,1
c68fb906c8f4b4b946d8386bfa6e5467,SP,45,4541.16,4.52,2.2,-13.2,68.6,Good,212,1
83645b1645cdee8953ee54c29ceed564,PR,14,978.9,4.43,0.0,-14.0,68.6,Good,212,1
bccf933e006e9b94a6184af782963e77,SP,45,4162.74,4.52,2.2,-13.3,68.6,Good,212,1
e256a62e0ac58c0edfba09966142d561,PR,12,1474.11,4.42,0.0,-17.0,68.5,Good,222,1
0241d4d5d36f10f80c644447315af0bd,PR,230,30694.88,4.4,4.8,-12.9,68.5,Good,222,1
7f7b8245c336066a1f9933c359f11d77,SP,38,2094.36,4.55,2.6,-12.1,68.5,Good,222,1
abc015ebac1d283a323ca9db35ede4b9,SP,12,1106.8,4.42,0.0,-15.0,68.5,Good,222,1
c70c1b0d8ca86052f45a432a38b73958,SP,259,36317.73,4.38,5.4,-9.0,68.5,Good,222,1
c84592044b180dec206770c38603814b,SP,14,491.94,4.43,0.0,-13.3,68.5,Good,222,1
c003204e1ab016dfa150abc119207b24,SP,194,24815.39,4.48,5.2,-11.4,68.5,Good,222,1
fc906263ca5083d09dce42fe02247800,MG,112,4437.8,4.39,0.0,-14.8,68.5,Good,222,1
ed4311e67debd72b8610a5347a743087,SP,25,3636.0,4.62,4.0,-8.6,68.5,Good,222,1
8603f0038fe0e52fedd3382d266723de,SC,10,2355.0,4.4,0.0,-11.8,68.4,Good,231,1
1c5e4e49b9079480255b49d50aac1aa9,SP,12,10173.11,4.33,0.0,-12.2,68.4,Good,231,1
1660ad786c27fd935378b6192a90b417,SP,11,1440.0,4.91,9.1,-11.5,68.4,Good,231,1
1e8b33f18b4f7598d87f5cbee2282cc2,SP,119,16867.57,4.45,3.4,-10.9,68.4,Good,231,1
0885aaf116795758dfeb5f1032487bcd,SP,25,2660.98,4.4,0.0,-11.5,68.4,Good,231,1
c66dccfb3f109511246da627dd5a2498,SP,43,12441.65,4.56,4.7,-15.0,68.4,Good,231,1
55a5b51f93f2b70ea513f5a047b0262a,MG,38,3967.7,4.53,2.6,-12.2,68.4,Good,231,1
9d4db00d65d7760644ac0c14edb5fd86,SP,97,9845.71,4.54,4.1,-11.5,68.3,Good,238,1
ceaec5548eefc6e23e6607c5435102e7,SP,197,51426.18,4.2,5.1,-15.2,68.3,Good,238,1
cbf09e831b0c11f6f23ffb51004db972,SP,10,1535.2,4.4,0.0,-13.5,68.3,Good,238,1
a3a38f4affed601eb87a97788c949667,SC,249,26496.22,4.4,4.4,-14.6,68.3,Good,238,1
3fac58ce0ad699020c7944d53c41329c,SP,10,1460.61,4.4,0.0,-7.3,68.3,Good,238,1
01bcc9d254a0143f0ce9791b960b2a47,GO,10,1393.21,4.4,0.0,-18.3,68.3,Good,238,1
73a63f72308aa20a46f4b1632018f196,PR,24,7137.75,4.35,0.0,-15.0,68.3,Good,238,1
ce69a8021d18961dd2a40269b7c2c293,PR,18,4718.01,4.67,5.6,-10.6,68.2,Good,245,1
6aa3928696eab49a19a466e665a649fd,RJ,17,2072.9,4.71,5.9,-14.0,68.2,Good,245,1
f08a5b9dd6767129688d001acafc21e5,RS,11,14069.63,4.27,0.0,-9.7,68.2,Good,245,1
08084d990eb3f53af056ccbc1730c8a7,SP,11,343.4,4.4,0.0,-15.2,68.2,Good,245,1
f435898e493ba0356019a0b1cb8b55b1,PR,10,674.26,4.4,0.0,-20.7,68.2,Good,245,1
25e6ffe976bd75618accfe16cefcbd0d,SP,106,11921.6,4.44,2.8,-13.6,68.2,Good,245,1
b1a81260566c1bac3114a6d124413f27,RS,50,8653.05,4.32,0.0,-16.1,68.2,Good,245,1
530ec6109d11eaaf87999465c6afee01,PR,94,12682.11,4.34,1.1,-17.4,68.2,Good,245,1
5f7300535881cef3b625fd683cf7d145,RS,10,724.98,4.4,0.0,-13.8,68.2,Good,245,1
5c243662ce92d84573bfaff24c3e3700,SP,98,32862.02,4.14,1.0,-13.6,68.1,Good,254,1
5cbbd5a299cab112b7bf23862255e43e,PR,35,2992.97,4.37,0.0,-14.0,68.1,Good,254,1
2dee2ce60de9709b1a24083217181a1f,MT,54,7784.5,4.43,1.9,-17.5,68.1,Good,254,1
8c16d1f32a54d92897cc437244442e1b,SC,107,5607.8,4.39,0.9,-15.3,68.1,Good,254,1
fad44952713764836814be105382aee5,RJ,31,4949.0,4.35,0.0,-11.9,68.1,Good,254,1
9f505651f4a6abe901a56cdc21508025,SP,390,25809.37,4.37,4.1,-10.8,68.1,Good,254,1
c731d18cea9bf687ffee82a241c25b11,SC,23,3906.53,4.36,0.0,-16.6,68.1,Good,254,1
54065e9aef7e9e9c2dc23b7594db021a,RJ,12,7079.0,4.33,0.0,-22.8,68.1,Good,254,1
df0f42bc4c2142eacf0eaf2cffd0cfbb,SC,13,1550.0,4.38,0.0,-9.5,68.1,Good,254,1
9616352088dcf83a7c06637f4ebf1c80,PR,91,5643.1,4.34,0.0,-15.5,68.1,Good,254,1
5f3ae9136c875522250f8184f253413a,SP,42,1143.05,4.64,4.8,-12.4,68.0,Good,264,1
d13e50eaa47b4cbe9eb81465865d8cfc,SP,66,7073.05,4.82,9.1,-4.5,68.0,Good,264,1
47efca563408aae19bb7206c2d969ea9,PI,11,2562.9,4.36,0.0,-15.0,68.0,Good,264,1
6b90f847357d8981edd79a1eb1bf0acb,SP,45,3322.08,4.36,0.0,-9.4,68.0,Good,264,1
f0837c8d71434931d9e38e7b79234797,RS,22,3446.9,4.59,4.5,-20.0,67.9,Good,268,1
4bfc7a4a1cf8d4d2121c27422d9e50b5,SP,25,7933.4,4.52,4.0,-9.8,67.9,Good,268,1
b6d44737c043328708f6749c2dbe50bd,SP,59,5410.44,4.61,5.1,-14.4,67.9,Good,268,1
966cb4760537b1404caedd472cc610a5,SP,66,44969.26,4.11,3.0,-15.6,67.9,Good,268,1
259f7b5e6e482c230e5bfaa670b6bb8f,SP,134,8370.24,4.38,1.5,-13.4,67.9,Good,268,1
2ff97219cb8622eaf3cd89b7d9c09824,SP,86,4335.8,4.53,3.5,-9.5,67.9,Good,268,1
f5a590cf36251cf1162ea35bef76fe84,SP,113,51232.78,4.27,7.1,-11.1,67.9,Good,268,1
5bc24d989e71e93c33e50a7782431b0e,MG,17,3148.0,4.35,0.0,-16.5,67.9,Good,268,1
5debea795b07621e1f90532e18f96145,PR,25,1883.78,4.36,0.0,-18.7,67.9,Good,268,1
768de2a4fc06aacecb9a586ccc30746a,DF,13,442.7,4.38,0.0,-12.5,67.9,Good,268,1
2a84855fd20af891be03bc5924d2b453,MG,153,14744.1,4.38,2.6,-12.3,67.9,Good,268,1
bb5bd94c8f59cc050072d2930c869cac,SP,14,2228.97,4.36,0.0,-10.1,67.9,Good,268,1
659e8466eb3ff1b0e8740d74fb7bbedd,BA,11,1486.8,4.36,0.0,-19.5,67.8,Good,280,1
fde0cc9ea29c8ccfc0a2c22256a58c71,PR,35,3922.0,4.49,2.9,-16.3,67.8,Good,280,1
6f83d9e4da896daae20b9b6b2d3ff8d2,PR,11,963.19,4.36,0.0,-15.1,67.8,Good,280,1
709e16e2b25c7474d980076c6bfc4806,SP,59,5108.0,4.51,3.4,-12.9,67.8,Good,280,1
b1aaae6b66ad3c40f54b389d7ea4bee0,SP,14,989.5,4.36,0.0,-19.4,67.8,Good,280,1
1690cada046eb7e92c12f98b1f8a8167,SP,10,1760.0,4.9,10.0,-14.2,67.8,Good,280,1
d66c305afaec317ebee552073a674429,MG,38,4180.39,4.47,2.6,-18.8,67.8,Good,280,1
17e34d8224d27a541263c4c64b11a56b,SP,246,54272.36,4.26,7.7,-10.5,67.7,Good,287,1
080102cd0a76b09e0dcf55fcacc60e05,MG,120,5521.87,4.54,4.2,-11.9,67.7,Good,287,1
5b2e94f2c22b39ccc24d34ad0f669672,SP,10,1022.6,4.9,10.0,-12.8,67.7,Good,287,1
5f1dc28029d2c244352a68107ec2b542,SP,61,2804.2,4.42,1.6,-15.9,67.7,Good,287,1
128f9bfbe4c7d5185033914b1de3d39a,SP,13,1267.39,4.77,7.7,-12.8,67.7,Good,287,1
91f848e9f4be368f4318775aac733370,SP,60,5668.61,4.4,1.7,-11.8,67.7,Good,287,1
dbd66278cbfe1aa1000f90a217ca4695,SP,84,5136.34,4.5,3.6,-12.2,67.6,Good,293,1
fa40cc5b934574b62717c68f3d678b6d,SP,302,15978.38,4.49,5.3,-11.1,67.6,Good,293,1
cce6ab8d1682639fe45ab70234f1665f,SP,61,2442.7,4.51,3.3,-13.8,67.6,Good,293,1
c6bda72e4dbf5c5866b13cb1810c6d03,SP,57,14033.48,4.41,3.5,-11.9,67.6,Good,293,1
1dc2de47ee26a0a5b12dc14fd6dc0dea,SP,25,1695.29,4.56,4.0,-8.8,67.6,Good,293,1
10076e5788b8ee532724bcd460baf762,SP,22,797.48,4.59,4.5,-12.0,67.6,Good,293,1
6e386f64c84e482f0b9abf960797ee1b,SP,29,12209.3,4.61,6.9,-9.6,67.6,Good,293,1
f7496d659ca9fdaf323c0aae84176632,SP,24,4547.77,4.54,4.2,-21.1,67.6,Good,293,1
ffdd9f82b9a447f6f8d4b91554cc7dd3,PR,18,2101.2,4.33,0.0,-12.4,67.6,Good,293,1
e9779976487b77c6d4ac45f75ec7afe9,SP,641,42784.33,4.27,6.1,-10.0,67.5,Good,302,1
c510bc1718f0f2961eaa42a23330681a,SP,12,10141.0,4.25,0.0,-9.9,67.5,Good,302,1
b90e891671cffd9557f33a97dc523645,PR,33,4329.0,4.3,0.0,-15.9,67.5,Good,302,1
70eea00b476a314817cefde4aad4f89a,SP,104,31191.75,4.41,6.7,-12.0,67.5,Good,302,1
729b2d09b2a0bdab221076327f13d050,SP,48,1805.21,4.56,4.2,-12.3,67.5,Good,302,1
0bae85eb84b9fb3bd773911e89288d54,SP,134,7723.9,4.31,0.7,-15.0,67.5,Good,302,1
381c83fdca332ea6afd896da20bf6e4a,PR,46,7355.8,4.39,2.2,-15.8,67.5,Good,302,2
3bb548e3cb7f70f28e3f11ee9dce0e59,PR,45,8056.32,4.27,0.0,-17.4,67.5,Good,302,2
6edacfd9f9074789dad6d62ba7950b9c,SP,198,12884.1,4.47,4.5,-11.5,67.5,Good,302,2
e9511df20ccd82658a30c37b7fb343af,SP,22,2096.6,4.32,0.0,-14.0,67.4,Good,311,2
17a053fcb14bd219540cbde0df490be0,SP,124,40601.53,4.25,5.6,-10.1,67.4,Good,311,2
b839e41795b7f3ad94cc2014a52f6796,SP,33,42829.0,4.09,3.0,-12.8,67.4,Good,311,2
1bb2bdb95f4841f1bba2c0d2cd83d3c9,SP,79,4905.76,4.63,6.3,-13.3,67.4,Good,311,2
05ff92fedb5be47920fea08e501238b9,RS,57,21235.98,4.32,3.5,-17.7,67.4,Good,311,2
808d4348b916efa08e766ebad39f61eb,SP,20,712.95,4.6,5.0,-9.4,67.4,Good,311,2
65b081a070633e057c462abdd6fb9dd8,GO,19,1885.09,4.32,0.0,-17.5,67.4,Good,311,2
51702dc2a3e106c76dbff722b5bf0726,SP,13,2705.1,4.31,0.0,-14.5,67.4,Good,311,2
43f8c9950d11ecd03a0304a49e010da6,SP,41,4249.59,4.56,4.9,-12.3,67.4,Good,311,2
b8bc237ba3788b23da09c0f1f3a3288c,SC,45,13685.71,4.32,2.2,-14.4,67.3,Good,320,2
5b925e1d006e9476d738aa200751b73b,SP,63,7748.5,4.6,6.3,-11.2,67.3,Good,320,2
ccf8813e5a7d6c84d865cd38bfc2b130,SP,25,2662.5,4.52,4.0,-13.5,67.3,Good,320,2
cb8bcce248bb1fb274ba762d8b971456,MG,65,9012.5,4.32,1.5,-11.8,67.3,Good,320,2
cab85505710c7cb9b720bceb52b01cee,SP,200,11095.0,4.33,2.0,-15.7,67.3,Good,320,2
d12c926d74ceff0a90a21184466ce161,SP,75,3852.28,4.36,1.3,-14.6,67.3,Good,320,2
8bb48dc19fccaa8613b6229bf7f452a2,SP,81,4227.48,4.41,2.5,-13.2,67.2,Good,326,2
d91fb3b7d041e83b64a00a3edfb37e4f,SP,524,39926.39,4.14,3.8,-12.7,67.2,Good,326,2
e0a366315b1b726b6c7832d664c0f530,SP,42,7161.09,4.38,2.4,-11.4,67.2,Good,326,2
2f74af7a0ee5636f12c2336f9fffed47,SP,13,560.7,4.31,0.0,-8.8,67.2,Good,326,2
9646c3513289980f17226a2fc4720dbd,SP,69,2964.4,4.45,2.9,-13.9,67.2,Good,326,2
b2ba3715d723d245138f291a6fe42594,SP,323,49366.59,4.21,6.8,-9.8,67.2,Good,326,2
41b86b552e54e3a7009596125aa8b167,SP,10,1595.3,4.3,0.0,-18.8,67.2,Good,326,2
b16d3dadc47d4eb18be3d88bad0775ce,RS,10,722.1,4.3,0.0,-21.2,67.1,Good,333,2
b4f8921fcc4ff77b66bea6dda43dcd51,RS,17,10945.16,4.53,5.9,-17.3,67.1,Good,333,2
febab0275244b9a49a623f0bd613ca2f,SP,102,7269.87,4.45,3.9,-11.5,67.1,Good,333,2
d4ffeb15b67e81ff9af2b4252d99fb7e,SP,11,1400.4,4.3,0.0,-13.2,67.1,Good,333,2
17f51e7198701186712e53a39c564617,SP,55,46969.0,4.35,9.1,-11.8,67.1,Good,333,2
1554a68530182680ad5c8b042c3ab563,MG,244,29284.74,4.36,6.1,-13.8,67.1,Good,333,2
2d42ebcda99fd55f6f4bc2f1ca035d50,GO,10,921.5,4.3,0.0,-13.9,67.1,Good,333,2
d650b663c3b5f6fb392b6326366efa9a,SP,56,18106.9,4.43,5.4,-11.6,67.1,Good,333,2
9c690ceacd5c66731bf443ea810195cb,MG,10,871.8,4.3,0.0,-18.2,67.1,Good,333,2
cc5a78bbad32776dc4e3af205218368c,MG,31,3309.94,4.45,3.2,-17.1,67.1,Good,333,2
240b9776d844d37535668549a396af32,RJ,35,13332.09,4.34,2.9,-11.3,67.1,Good,333,2
d98eec89afa3380e14463da2aabaea72,RS,167,7078.31,4.36,2.4,-18.3,67.0,Good,344,2
f3b80352b986ab4d1057a4b724be19d0,DF,86,9815.1,4.21,0.0,-13.2,67.0,Good,344,2
52f9db5cfb423382a2fa5c9e39303202,SP,21,1218.78,4.29,0.0,-15.0,67.0,Good,344,2
80e6699fe29150b372a0c8a1ebf7dcc8,PR,95,11128.23,4.37,3.2,-16.0,67.0,Good,344,2
7d456afc660226829370f3173d14520c,SP,54,8321.04,4.41,3.7,-12.9,66.9,Good,348,2
5b51032eddd242adc84c38acab88f23d,MG,11,2512.0,4.27,0.0,-15.7,66.9,Good,348,2
2bf6a2c1e71bbd29a4ad64e6d3c3629f,RJ,30,50628.9,4.17,6.7,-14.5,66.9,Good,348,2
aced59e9b31ef866a94f9e7f29d8d418,SP,59,7348.66,4.41,3.4,-11.4,66.9,Good,348,2
e601b04acf48b4576e73ddca9481f0dc,SP,14,442.04,4.29,0.0,-15.4,66.9,Good,348,2
d03698c2efd04a549382afa6623e27fb,BA,18,10046.42,4.5,5.6,-15.3,66.9,Good,348,2
aafe36600ce604f205b86b5084d3d767,SC,128,9197.59,4.41,3.9,-13.1,66.8,Good,354,2
c8b3445d737de6befde0c88ede534a5e,SP,30,3317.94,4.43,3.3,-11.8,66.8,Good,354,2
cca3071e3e9bb7d12640c9fbe2301306,SP,674,61473.02,3.94,4.6,-15.1,66.8,Good,354,2
916748bc99315c2d202898ae58b1617e,SP,25,369.4,4.28,0.0,-10.1,66.8,Good,354,2
86ccac0b835037332a596a33b6949ee1,SC,170,15446.87,4.27,2.4,-14.9,66.8,Good,354,2
89f69225956f951295ca4c7fb1266553,RJ,11,1041.3,4.27,0.0,-16.7,66.8,Good,354,2
3586b8580d9c917874e053a1bb37b5ff,SP,36,1524.7,4.42,2.8,-17.9,66.8,Good,354,2
1dcfa3835714681d4ba4a93bc1e0fd41,SP,12,1186.6,4.27,0.0,-15.7,66.8,Good,354,2
d9a84e1403de8da0c3aa531d6d108ba6,SP,53,1880.29,4.58,5.7,-10.3,66.8,Good,354,2
7a2d2949aea47fab95fd98d6c9f618b1,PR,11,1638.99,4.27,0.0,-17.5,66.8,Good,354,2
3340ef1913fb70d28420f6ceb685c339,PR,30,6591.66,4.4,3.3,-9.0,66.8,Good,354,2
30a2f535bb48308f991d0b9ad4a8c4bb,SP,67,4621.5,4.4,3.0,-12.8,66.8,Good,354,2
f3c38ab652836d21de61fb8314b69182,SP,15,1581.0,4.27,0.0,-11.1,66.8,Good,354,2
ff4e2d38692ce827b1a4f4b8196e680d,SP,11,518.9,4.27,0.0,-14.1,66.7,Good,367,2
3a734b715d333a2588a3d54a0c9b8746,SP,14,2052.52,4.64,7.1,-11.9,66.7,Good,367,2
d93844a9c55ba7ce353388bcf849ea56,PR,12,2708.5,4.25,0.0,-9.8,66.7,Good,367,2
1a3df491d1c4f1589fc2b934ada68bf2,SC,160,22472.4,4.27,3.8,-13.1,66.7,Good,367,2
ba5daa4041e1f15cdf34b76e3e18a450,SP,15,806.8,4.27,0.0,-10.9,66.7,Good,367,2
a2deecd5398f5df4987110c80a1972a3,SP,13,623.81,4.27,0.0,-13.7,66.7,Good,367,2
5b85809efd0d0e4dea1a9544e1280ed9,SP,12,1804.6,4.25,0.0,-16.7,66.6,Good,373,2
25e47381a6c510ddeb36084e33b89f0c,SP,16,1289.6,4.25,0.0,-12.9,66.6,Good,373,2
b94cc9f10ddc85e4ba73a6f7974e7101,RJ,39,25346.1,4.3,5.1,-12.7,66.6,Good,373,2
0509040ea3fe50071181bbc359eb7738,MG,87,3689.35,4.48,4.6,-10.7,66.6,Good,373,2
42bde9fef835393bb8a8849cb6b7f245,DF,34,7574.0,4.35,2.9,-14.6,66.6,Good,373,2
980640c45d7a4635885491d077167e4d,SP,14,1004.29,4.64,7.1,-10.4,66.6,Good,373,2
7c5b05cbdb5542049f38d90d7815b97d,SP,21,993.97,4.52,4.8,-12.1,66.6,Good,373,2
d94a40fd42351c259927028d163af842,MG,96,13502.79,4.3,3.1,-13.6,66.5,Good,380,2
31344c16881c08a8a72c6d2eb29918c1,MG,42,9568.7,4.43,4.8,-10.3,66.5,Good,380,2
6d22a1fcebb6dd08c9cd90b92a93e8d0,SC,12,753.6,4.25,0.0,-10.7,66.5,Good,380,2
7b07b3c7487f0ea825fc6df75abd658b,SP,90,9245.47,4.41,4.4,-11.1,66.5,Good,380,2
2953ce3a88f5e3c3b696d77fc9e4c8eb,SP,14,470.0,4.64,7.1,-5.2,66.5,Good,380,2
f52c2422904463fdd7741f99045fecb6,SP,12,567.79,4.25,0.0,-10.1,66.5,Good,380,2
9dd59e43f0c9f0553244e8f9c2fb247e,PR,10,356.3,4.8,10.0,-13.7,66.5,Good,380,2
fa1a9dec3a9940c072684a46728bf1fc,SC,53,6801.09,4.19,0.0,-15.5,66.5,Good,380,2
5a6a02f419701fc8c605af71d4fc57a4,SP,10,600.5,4.8,10.0,-9.3,66.5,Good,380,2
85d9eb9ddc5d00ca9336a2219c97bb13,MG,498,15095.49,4.23,2.2,-15.7,66.5,Good,380,2
5a413ade68e8f8d93071a7f52a64cb9e,SP,14,778.9,4.64,7.1,-4.6,66.5,Good,380,2
d4e12e7884759a14fa0f5f896c791cae,SP,29,1400.0,4.62,6.9,-12.6,66.5,Good,380,2
888faa8bfb0b159c37de6d898b961c31,SC,17,1890.6,4.24,0.0,-15.6,66.5,Good,380,2
ffc470761de7d0232558ba5e786e57b7,SP,27,1529.13,4.44,3.7,-11.8,66.4,Good,393,2
33ac3e28642ab8bda860a2f693000e78,SP,34,3771.35,4.21,0.0,-13.0,66.4,Good,393,2
02f623a8eb246f3c5f7c2f96462654e6,SP,44,6378.0,4.56,6.8,-10.7,66.4,Good,393,2
ff063b022a9a0aab91bad2c9088760b7,SP,93,12150.64,4.31,3.2,-11.9,66.4,Good,393,2
d25aa0aaacb370e912f8cf6efeba38b3,SC,16,2495.75,4.56,6.2,-17.2,66.4,Good,393,2
5882820ef11c4c068eea0677a7a879b4,RS,14,9925.5,4.15,0.0,-17.4,66.4,Good,393,2
5f5b43b2bffa8656e4bc6efeb13cc649,SP,27,3817.19,4.41,3.7,-13.7,66.4,Good,393,2
1d4587203296c8f4ad134dc286fa6db0,SP,39,2223.0,4.36,2.6,-11.2,66.3,Good,400,2
3d2531eccfbde1d7c8db7a3a12fb267a,MG,10,1999.54,4.22,0.0,-14.0,66.3,Good,400,2
b4ffb71f0cb1b1c3d63fad021ecf93e1,SP,140,6524.87,4.29,2.1,-14.8,66.3,Good,400,2
520b493b57809f446cb0a233bb3e25c7,SP,63,3758.89,4.29,1.6,-11.7,66.3,Good,400,2
1b1ae47a313a825a7ccceb8e2e30fa9d,PR,10,2184.0,4.22,0.0,-14.2,66.3,Good,400,2
66922902710d126a0e7d26b0e3805106,MG,150,14421.2,4.5,7.3,-10.3,66.3,Good,400,2
f680f85bee2d253556ac91be391d2c82,SP,44,5148.93,4.32,2.3,-12.8,66.3,Good,400,2
8ab42aa58097fd4668d60cc648225d5f,GO,20,2776.75,4.2,0.0,-17.3,66.2,Good,407,2
76d64c4aca3a7baf218bf93ef7fa768d,PR,64,17533.59,4.23,3.1,-15.1,66.2,Good,407,2
06df0c10d34e459d9672bc77388742eb,PR,26,9070.0,4.35,3.8,-13.5,66.2,Good,407,2
e26901d5ab434ce92fd9b5c256820a4e,SP,197,11618.49,4.2,1.5,-13.5,66.2,Good,407,2
218d46b86c1881d022bce9c68a7d4b15,SP,376,53818.41,4.19,8.8,-11.4,66.2,Good,407,2
5670f4db5b62c43d542e1b2d56b0cf7c,SP,22,6659.09,4.41,4.5,-14.1,66.2,Good,407,2
dee656f0f566ed1aa85bd137c943f08f,SP,90,6165.0,4.4,4.4,-14.0,66.1,Good,413,2
e5e33c0d8e7e002f398f5dc4cbbb338f,SP,26,6494.9,4.58,7.7,-14.8,66.1,Good,413,2
bacb1f0ed56ad24198f5810d2b3fe9a5,SP,37,5909.15,4.31,2.7,-13.4,66.1,Good,413,2
da7039f29f90ce5b4846ffc0fcc93beb,SP,17,1475.64,4.53,5.9,-11.8,66.1,Good,413,2
01fdefa7697d26ad920e9e0346d4bd1b,PR,128,14842.53,4.38,5.5,-13.7,66.1,Good,413,2
1838dd9b8977065acf51d95e0053ea7a,MG,62,2750.5,4.37,3.2,-11.0,66.1,Good,413,2
7178f9f4dd81dcef02f62acdf8151e01,SC,202,36795.4,4.06,3.5,-18.5,66.1,Good,413,2
282f23a9769b2690c5dda22e316f9941,MG,98,6539.18,4.37,4.1,-11.1,66.0,Good,420,2
503c1de08ae81a2d86f17951b204db55,SP,22,4906.99,4.41,4.5,-11.9,66.0,Good,420,2
5a05a16bb50629ee31afab8a6d4c2674,RS,14,794.3,4.21,0.0,-11.9,66.0,Good,420,2
b9a03475e6447e631b6799ec8274800f,PR,10,1349.1,4.2,0.0,-21.3,66.0,Good,420,2
bfd27a966d91cfaafdb25d076585f0da,SP,114,19225.0,4.32,5.3,-15.5,66.0,Good,420,2
fb3cfbc8a86f5d7fbb4d36b8df63f60d,RJ,10,1121.2,4.2,0.0,-12.0,66.0,Good,420,2
4305fe92735c8a43d154ff6dd2b8d927,MG,17,2606.1,4.18,0.0,-10.6,65.9,Good,426,2
582d4f8675b945722eda7c0cb61ba4c7,SP,56,5215.47,4.25,1.8,-13.5,65.9,Good,426,2
c35672b10ad50968f567ea3f4b91e877,RJ,18,1150.57,4.5,5.6,-12.1,65.9,Good,426,2
9b00ed88b7fdb95d6ff76e27c1b52d16,SP,46,1600.88,4.54,6.5,-10.5,65.9,Good,426,2
d1ef48b38baca7e831711c4a0aeb398f,PR,28,1509.03,4.57,7.1,-15.6,65.8,Good,430,2
a3f0b55de503387383c7b1de3ad7f678,PR,23,4258.5,4.39,4.3,-14.0,65.8,Good,430,2
ce27a3cc3c8cc1ea79d11e561e9bebb6,SP,122,9465.45,4.19,1.6,-12.4,65.8,Good,430,2
730937bf88cb151eb2eb849f642fc213,SP,22,2868.1,4.41,4.5,-10.7,65.8,Good,430,2
4a1f694197d05fe70026b016a7316b41,SP,14,952.67,4.57,7.1,-13.9,65.8,Good,430,2
efcd8d2104f1a05d028af7bad20d974b,SP,43,2334.5,4.3,2.3,-14.3,65.8,Good,430,2
640e21a7d01df7614a3b4923e990d40c,SP,111,7547.68,4.37,4.5,-9.9,65.8,Good,430,2
04aba03279157f6d4e0fe8ccaf21963c,RJ,15,2416.0,4.53,6.7,-13.9,65.7,Good,437,2
4371b634e0efc0e22b09b52907d9d469,SP,101,8652.66,4.48,6.9,-10.4,65.7,Good,437,2
2e13c71026e1a39ba5cc1b86dcb679aa,SP,24,4157.0,4.38,4.2,-13.1,65.7,Good,437,2
1127b7f2594683f2510f1c2c834a486b,SP,109,6846.7,4.22,1.8,-11.3,65.7,Good,437,2
1430239a858e7682bbc43b20758af153,SP,17,633.99,4.18,0.0,-10.4,65.7,Good,437,2
e333046ce6517bd8bb510291d44f0130,SP,67,7251.0,4.36,4.5,-13.3,65.7,Good,437,2
2199e7fe213c16213bf5d6a7eadc9a5d,SP,24,3767.29,4.38,4.2,-13.7,65.7,Good,437,2
4b9750c8ad28220fe6702d4ecb7c898f,SP,217,16017.38,4.36,6.0,-9.4,65.7,Good,437,2
06e5eefc71ec47ae763c5c6f8db7064f,RS,90,21908.56,3.98,0.0,-16.7,65.7,Good,437,2
6bb0724edf0b62fb91ac404873a97241,SP,17,3653.0,4.47,5.9,-10.4,65.7,Good,437,2
4200ddf1967c5e41e48db62bc6d4b5ac,SP,21,728.98,4.44,4.8,-11.0,65.7,Good,437,2
4bf2f4ee540798a61f9636d12cd9cc80,SP,29,4995.56,4.14,0.0,-12.6,65.7,Good,437,2
aba1721a889e04decc910aa13b768ef4,SP,82,14129.3,4.45,7.3,-11.5,65.7,Good,437,2
3d5d0dc7073a299e31fa718ce1bc00b6,RJ,21,674.8,4.43,4.8,-13.8,65.6,Good,450,2
7722b1df1b0e383e000397b2c11e3e19,SP,129,7063.9,4.28,3.1,-11.8,65.6,Good,450,2
1fdc574883ef3b33ad41562d93f3a74a,SP,18,4251.0,4.44,5.6,-11.5,65.6,Good,450,2
3bdff180c7e1f6551a643b99c265a120,SP,56,3008.2,4.25,1.8,-12.8,65.6,Good,450,2
6426d21aca402a131fc0a5d0960a3c90,SP,23,1209.64,4.17,0.0,-13.5,65.6,Good,450,2
3078096983cf766a32a06257648502d1,SP,56,7910.84,4.3,3.6,-12.6,65.6,Good,450,2
94144541854e298c2d976cb893b81343,RS,68,17286.28,4.25,4.4,-14.3,65.6,Good,450,2
8a432f4e5b471f8da497d7dc517666e2,SP,92,7460.9,4.22,2.2,-12.2,65.5,Good,457,2
59fb871bf6f4522a87ba567b42dafecf,SP,123,21178.6,4.28,5.7,-14.6,65.5,Good,457,2
750303a20e9c56b2a6bc45cdce0b897d,GO,53,7876.0,4.3,3.8,-11.8,65.5,Good,457,2
81a1104df0f08b59c68aa5b03cfe398e,PR,72,9320.98,4.31,4.2,-13.7,65.5,Good,457,2
0d33a55da925bbf1ff02af5f6059fc7f,SP,21,571.29,4.43,4.8,-11.4,65.5,Good,457,2
75fbb52eda0cbc24f479d3b2fbfa8d3e,GO,38,1159.18,4.45,5.3,-14.2,65.5,Good,457,2
abcd2cb37d46c2c8fb1bf071c859fc5b,MT,42,4652.42,4.38,4.8,-16.4,65.4,Good,463,2
1b4c3a6f53068f0b6944d2d005c9fc89,SC,110,14436.99,4.27,4.5,-12.7,65.4,Good,463,2
b2c97074649f92197d9387d9033dda5f,SP,10,684.71,4.7,10.0,-9.2,65.4,Good,463,2
6c12e40690c335dbc2f68a4134d30dc1,PR,16,9139.2,4.07,0.0,-13.7,65.4,Good,463,2
d6b1ce66b035a475f00c017792ff9769,SP,90,12447.31,4.35,5.6,-12.7,65.4,Good,463,2
f63d8f293af3a6454377546bd9dd19ff,SP,17,1751.82,4.47,5.9,-12.9,65.4,Good,463,2
40d54b51e962dbe09cabbcfd33298dee,SP,29,6761.16,4.1,0.0,-12.0,65.4,Good,463,2
53e4c6e0f4312d4d2107a8c9cddf45cd,SP,453,29605.2,4.14,4.9,-13.1,65.4,Good,463,2
59cd88080b93f3c18508673122d26169,SP,10,392.33,4.7,10.0,-9.4,65.4,Good,463,2
cc63f0dd2acba93ffed4fe9f8e0321fa,SP,55,7096.71,4.09,0.0,-11.9,65.4,Good,463,2
58f1a6197ed863543e0136bdedb3fce2,MG,41,6431.0,4.22,2.4,-15.0,65.3,Good,473,2
c826c40d7b19f62a09e2d7c5e7295ee2,SP,345,44554.95,4.13,7.5,-9.8,65.3,Good,473,2
1b8356dabde1d35e17cef975c3f82730,SP,55,3366.4,4.22,1.8,-13.9,65.3,Good,473,2
b32be1695eb7ec5f10f72d9610a12527,RS,44,26575.0,4.14,4.5,-13.6,65.3,Good,473,2
08633c14ef2db992c11f840f04fad4cd,SP,71,7310.0,4.39,5.6,-10.6,65.3,Good,473,2
32b8764b4ef628b53608fc34011fcc13,SC,35,8625.0,4.23,2.9,-14.6,65.3,Good,473,2
8d79c8a04e42d722a75097ce5cbcf2ef,CE,25,2600.32,4.56,8.0,-11.8,65.3,Good,473,2
d624126b9206f595fb3fbb6ba03b28a8,PR,23,7198.8,4.32,4.3,-14.5,65.3,Good,473,2
669ae81880e08f269a64487cfb287169,SC,161,13245.36,4.26,4.3,-13.9,65.3,Good,473,2
48162d548f5b1b11b9d29d1e01f75a61,SP,65,19870.19,4.03,1.5,-13.3,65.2,Good,482,2
55d3daac7c404d59e51c2aa2f4dc5a23,SP,21,4480.6,4.1,0.0,-11.3,65.2,Good,482,2
cd6efc47efaabf134f8bdb654e10b4f1,RJ,30,4031.55,4.47,6.7,-13.9,65.2,Good,482,2
5c853bb56f70f4d14218944bae111d7a,SP,22,360.02,4.14,0.0,-11.3,65.2,Good,482,2
20d83f3ef0e6925fd74bfd59170babf7,SP,37,2760.1,4.41,5.4,-11.4,65.2,Good,482,2
562fc2f2c2863ab7e79a9e4388a58a14,SP,252,9012.24,4.23,3.2,-13.0,65.2,Good,482,2
de23c3b98a88888289c6f5cc1209054a,SP,158,25408.79,4.31,7.6,-10.2,65.2,Good,482,2
058fd0aa2bfdb2274e05e1ae971dabb6,SP,59,7420.4,4.44,6.8,-11.7,65.2,Good,482,2
8bd0f31cf0a614c658f6763bd02dea69,SP,32,4255.35,4.26,3.1,-13.5,65.1,Good,490,2
0ef83d7d83ed97cd2a0049ac8be5f88a,PR,47,4644.02,4.2,2.1,-14.1,65.1,Good,490,2
dbb9b48c841a0e39e21f98e1a6b2ec3e,SP,107,7645.65,4.26,3.7,-11.9,65.1,Good,490,2
ef0ace09169ac090589d85746e3e036f,RJ,128,16313.0,4.4,7.8,-11.3,65.1,Good,490,2
3d8fa2f5b647373c8620330c4e077a9f,SP,42,3570.64,4.23,2.4,-11.5,65.1,Good,490,2
9add47bf45ce8e8c7db6b9cf670b1e09,PR,41,4642.67,4.22,2.4,-13.7,65.1,Good,490,2
4736e9d642ef4257cd7622516931eb51,SP,16,1078.87,4.12,0.0,-14.5,65.1,Good,490,2
138dbe45fc62f1e244378131a6801526,SP,45,1114.96,4.24,2.2,-8.8,65.1,Good,490,2
8f119a0aee85c0c8fc534629734e94fd,SP,74,3658.79,4.32,4.1,-10.9,65.1,Good,490,2
d50d79cb34e38265a8649c383dcffd48,SP,69,12997.43,4.24,4.3,-13.3,65.1,Good,490,2
8cc6a0e5738e61a87b03c78b2ba9db4b,MG,23,13272.7,4.48,8.7,-10.6,65.1,Good,490,2
670c26e0f1bf8d0576271d5cfaec6d2b,PR,76,6200.2,4.36,5.3,-12.5,65.1,Good,490,2
0a85ebe4e328db81ac9109781205e2f7,SP,12,767.89,4.58,8.3,-8.4,65.1,Good,490,2
562f8cfc51f265411f487d07e9c40e7f,MG,13,766.92,4.54,7.7,-7.8,65.0,Good,503,2
537eb890efff034a88679788b647c564,RJ,152,4690.99,4.29,3.9,-12.0,65.0,Good,503,2
25cf099de44674fde97473224f9d59ab,SP,50,1654.36,4.33,4.0,-12.9,65.0,Good,503,2
2528513dd95219a6013d4d05176e391a,SP,153,32132.79,4.03,3.9,-12.2,65.0,Good,503,2
1caf283236cd69af44cbc09a0a1e7d32,RJ,33,917.6,4.61,9.1,-11.8,65.0,Good,503,2
1c129092bf23f28a5930387c980c0dfc,SP,190,9437.56,4.29,4.7,-9.7,65.0,Good,503,2
f7ba60f8c3f99e7ee4042fdef03b70c4,SP,216,68270.9,4.23,13.9,-9.1,65.0,Good,503,2
c847e075301870dd144a116762eaff9a,MG,39,14719.0,4.26,5.1,-14.4,65.0,Good,503,2
3f995f07c49d0d55a99d5c54957f7d81,SP,43,3955.7,4.21,2.3,-12.1,65.0,Good,503,2
93b9a99027bd8bd6af682aff18dd19bf,SP,18,1850.0,4.11,0.0,-17.2,65.0,Good,503,2
ce616e1913288884e7742faac9d981db,SP,13,303.7,4.54,7.7,-11.2,65.0,Good,503,2
cda598c48d7c614bc1cad7d8ff6f0010,SP,16,1038.7,4.12,0.0,-13.9,65.0,Good,503,2
6c177e38df6d3f34182b1f1d427231bf,PR,53,8112.89,4.15,1.9,-14.5,65.0,Good,503,2
0691148aee60ca47977c187804f935ae,PR,47,6178.21,4.18,2.1,-13.8,65.0,Good,503,2
6b243f80ed07b10f0e8aa0f21a205f3c,PR,78,6298.19,4.26,3.8,-14.7,64.9,Good,517,2
6481e96574816ead57975da2c0f6d80d,SP,31,3297.9,4.26,3.2,-11.4,64.9,Good,517,2
54a1852d1b8f10312c55e906355666ee,SP,197,16996.47,4.37,7.6,-11.0,64.9,Good,517,2
2646baaf662d4d92ac48f047e35db92d,SP,15,1263.05,4.47,6.7,-10.8,64.9,Good,517,2
42b729f859728f5079499127a9c2ef37,SP,101,4039.06,4.51,7.9,-7.9,64.9,Good,517,2
7901646fdd36a55f564ffaf2dbccaaf7,RJ,22,11857.08,4.5,9.1,-11.5,64.9,Good,517,2
15cd6eefe58588619aaed41dfa6621b1,MG,15,1551.84,4.47,6.7,-10.0,64.9,Good,517,2
bba74270a87732727b5a3b4fd9ac1c39,MG,35,5964.6,4.06,0.0,-16.0,64.9,Good,517,2
17ca9b9e9b9ef8fdb529001b49ebb50f,MG,115,9768.74,4.07,0.9,-14.1,64.9,Good,517,2
cfa5ab0e4d3fc212fd0b3410e7081c62,MG,14,4455.82,4.07,0.0,-16.4,64.9,Good,517,2
0b90b6df587eb83608a64ea8b390cf07,PR,160,28160.93,4.05,3.8,-18.4,64.9,Good,517,2
dfc5fb7259bb2b599ca565e6e9448f0f,SP,32,6553.74,4.22,3.1,-12.4,64.9,Good,517,2
77530e9772f57a62c906e1c21538ab82,PR,305,45486.5,4.19,9.5,-10.9,64.8,Good,529,2
cb6c9f5888a7a090c75beaf615925792,ES,10,749.94,4.1,0.0,-10.9,64.8,Good,529,2
f62d7bb4a613ec758a03342d46b580b2,MG,32,24665.0,4.38,9.4,-9.7,64.8,Good,529,2
4e7c18b98d84e05cbae3ff0ff03846c2,SP,80,8889.9,4.23,3.8,-13.3,64.8,Good,529,2
128639473a139ac0f3e5f5ade55873a5,PR,524,11893.73,4.22,4.2,-12.2,64.8,Good,529,2
3c487ae8f8d7542beff5788e2e0aea83,DF,30,9385.7,4.2,3.3,-11.1,64.8,Good,529,2
b92e3c8f9738272ff7c59e111e108d7c,MG,61,8252.03,4.21,3.3,-43.6,64.8,Good,529,2
49e7217cfe4e427191c378ec626d8737,MG,12,2868.8,4.08,0.0,-11.5,64.8,Good,529,2
83deb69e889cf80f82be1dc6d5f2d486,SC,40,5363.01,4.32,5.0,-11.8,64.7,Good,537,2
527801b552d0077ffd170872eb49683b,SP,90,17942.8,4.47,10.0,-11.3,64.7,Good,537,2
ca3bd7cd9f149df75950150d010fe4a2,SP,68,9333.37,4.09,1.5,-16.5,64.7,Good,537,2
96804ea39d96eb908e7c3afdb671bb9e,MG,36,3529.9,4.22,2.8,-13.5,64.7,Good,537,2
9596c870880d900012f2e8e6e30d06d7,MG,21,7625.35,4.29,4.8,-12.4,64.7,Good,537,2
f1ed6bd0a9b11b581f16c851c6a5a527,RS,17,1622.77,4.41,5.9,-9.4,64.7,Good,537,2
8a130737016f838139d31878787a39c9,SP,56,4222.03,4.45,7.1,-10.7,64.7,Good,537,2
62c50c1af4dfdc4149d25c5222043d39,SP,12,2325.83,4.08,0.0,-17.8,64.7,Good,537,2
04308b1ee57b6625f47df1d56f00eedf,SC,92,58991.8,3.95,7.6,-11.6,64.7,Good,537,2
dbdd0ec73a4817971d962698f2fea022,CE,16,6384.0,4.38,6.2,-17.2,64.7,Good,537,2
7ddcbb64b5bc1ef36ca8c151f6ec77df,SP,325,54655.56,4.03,8.3,-10.1,64.7,Good,537,2
0db783cfcd3b73998abc6e10e59a102f,SP,130,8879.4,4.22,3.8,-13.1,64.7,Good,537,2
7b0df942f46435babab05d49b744b2c4,SP,32,22600.63,4.39,9.4,-10.9,64.6,Good,549,2
94e93ce877be27a515118dbfd2c2be41,SP,29,5436.58,4.04,0.0,-11.1,64.6,Good,549,2
179d859f51292aac5c10806a356f7af9,SP,18,404.47,4.39,5.6,-8.9,64.6,Good,549,2
d9442042130b7fe579d1295f9f4a248f,SP,19,772.16,4.37,5.3,-7.9,64.6,Good,549,2
403aa86912527d730337ffcb0fb096ab,MG,11,8959.89,4.0,0.0,-12.0,64.6,Good,549,2
3969863bb8af7f72580b3b1ffd3a17b3,SP,12,780.05,4.08,0.0,-12.0,64.6,Good,549,2
5a8e7d5003a1f221f9e1d6e411de7c23,SP,128,10521.19,4.2,3.9,-11.7,64.6,Good,549,2
c8417879a15366a17c30af34c798c332,SP,25,1810.8,4.29,4.0,-11.4,64.6,Good,549,2
ebd2d60905fb58271facef5596b620d3,SP,81,7715.12,4.22,3.7,-11.5,64.6,Good,549,2
e84ad2127668df3aafc6b73531a0beb8,SP,19,987.0,4.37,5.3,-7.2,64.6,Good,549,2
afe0067131b73e40875c9b6c10bd2e21,MG,45,5040.5,4.27,4.4,-11.4,64.5,Good,559,2
7008613ea464bad5cb9b83456e1e6a8f,SC,123,7538.7,4.28,4.9,-13.9,64.5,Good,559,2
7681ef142fd2c19048da7430856b5588,SP,56,30929.81,4.27,8.9,-9.1,64.5,Good,559,2
00ee68308b45bc5e2660cd833c3f81cc,SP,133,20117.89,4.3,7.5,-10.8,64.5,Good,559,2
bba3293d6f5d5af2f415e004e8b93ae3,SP,17,11702.1,4.29,5.9,-9.0,64.5,Good,559,2
1c40343cc5d18c2d8248ac2f3366de34,SP,20,2654.41,4.6,10.0,-11.4,64.5,Good,559,2
f4db9b37944bcb8873e6b456ee190bbf,SP,21,3409.78,4.57,9.5,-11.3,64.5,Good,559,2
e59aa562b9f8076dd550fcddf0e73491,PR,69,30716.3,4.26,8.7,-11.8,64.5,Good,559,2
9b013e03b2ab786505a1d3b5c0756754,SP,168,8720.96,4.23,4.2,-9.9,64.5,Good,559,2
5a425cc503b39b262a847fd6212bf53b,PR,14,1340.6,4.46,7.1,-9.9,64.5,Good,559,2
78c99c6dff4eeae5be99bf635ed21e3f,SP,31,2150.87,4.42,6.5,-10.5,64.5,Good,559,2
4b0fdb526525f9890eb145bf1534640e,SP,18,2518.9,4.06,0.0,-9.9,64.5,Good,559,2
bd23da7354813347129d751591d1a6e2,SP,84,9594.7,4.11,2.4,-10.1,64.4,Good,571,2
41b39e28db005d9731d9d485a83b4c38,SP,181,16181.56,4.19,5.0,-18.0,64.4,Good,571,2
c013e57c075a06e5b5c48ee03c525719,SP,41,2020.85,4.32,4.9,-11.6,64.4,Good,571,2
d354c38a7182125a748cb10474fe963b,RJ,17,1500.34,4.38,5.9,-12.1,64.4,Good,571,2
72c5da29406b4234927b81855e7b64f6,SP,31,11846.69,4.13,3.2,-16.6,64.4,Good,571,2
f181738b150df1f37cb0bd72e705b193,SP,36,5549.6,4.47,8.3,-10.0,64.4,Good,571,2
b76dba6c951ab00dc4edf0a1aa88037e,SP,157,2545.31,4.22,3.2,-16.3,64.4,Good,571,2
17908cf9b444ee34047cadd5c0f4a516,GO,11,1993.99,4.55,9.1,-11.8,64.4,Good,571,2
1fe5540d7c1c37a595fefbacd5570d9e,RJ,20,4537.6,4.3,5.0,-13.4,64.4,Good,571,2
9bcdfa7b615b3abb9461d9e3ad9886ae,SC,14,2126.07,4.43,7.1,-14.6,64.3,Good,580,2
1464afc72f696af775557a821c2e253f,RJ,29,1059.36,4.24,3.4,-12.5,64.3,Good,580,2
4830e40640734fc1c52cd21127c341d4,SP,202,9828.11,4.24,5.0,-11.1,64.3,Good,580,2
7ea5bfa6c340f58f8e71fc1f0412b0d6,MG,92,10358.95,4.32,6.5,-9.6,64.3,Good,580,2
094ced053e257ae8cae57205592d6712,SP,19,1622.1,4.05,0.0,-15.7,64.3,Good,580,2
715bbd5ba4e6b74cb0d2f29eb45058b0,SP,61,4042.3,4.46,8.2,-13.1,64.2,Good,585,2
dfa0c4c6229ab200a4a1336b4d7128ff,SC,75,5100.5,4.08,1.3,-14.7,64.2,Good,585,2
1d29dfba02015238dfbe2449a5eaa361,MG,12,612.8,4.5,8.3,-9.5,64.2,Good,585,2
4c03b9dd4c11ee2cb35c96c49efc9420,SP,48,6513.6,4.11,2.1,-14.1,64.2,Good,585,2
066a6914e1ebf3ea95a216c73a986b91,PR,64,8870.49,4.14,3.1,-16.9,64.2,Good,585,2
994f04b3718c2bab35c2adfa8afecd2a,SP,46,3239.9,4.37,6.5,-8.1,64.1,Good,590,2
cfe94489ddd337d1e29e12f2a7205d10,SP,20,2376.0,4.3,5.0,-8.1,64.1,Good,590,2
9c0e69c7bf2619675bbadf47b43f655a,SP,144,32495.07,4.19,8.3,-8.7,64.1,Good,590,2
87d30a6a0cbf89356e49324971ab1d24,SP,17,2134.13,4.35,5.9,-10.8,64.1,Good,590,2
6e864f5c4669eff3d98140a07cc50202,SP,13,740.59,4.46,7.7,-11.5,64.1,Good,590,2
a2e874074c877c5a05abae80ad6e488f,SP,40,7355.0,4.25,5.0,-16.3,64.1,Good,590,2
9674754b5a0cb32b638cec001178f799,SP,83,4849.84,4.13,2.4,-11.1,64.1,Good,590,2
a5a1bfcf728ab0e19182959cf0771ee4,SP,19,1713.16,4.32,5.3,-9.7,64.1,Good,590,2
113e3a788b935f48aad63e1c41dac1bd,SP,39,847.35,4.32,5.1,-15.0,64.1,Good,590,2
9dda5bbacd45e18d6485fee649205d09,MG,17,1715.7,4.35,5.9,-7.6,64.1,Good,590,2
4e17c65a516f69d023a2ae78b84f28d6,SP,61,7639.26,4.23,4.9,-22.1,64.0,Good,600,2
e63e8bfa530fb16910dd6956e592bb81,SP,40,1391.69,4.3,5.0,-13.4,64.0,Good,600,2
2e1c9f22be269ef4643f826c9e650a52,SP,160,12203.25,4.26,6.2,-10.3,64.0,Good,600,2
4917cee8d902e13428c3ec4b1ca6f315,SC,31,5103.9,4.16,3.2,-9.9,64.0,Good,600,2
232a6014e7b10cba61c6c2b2ea6bb4b0,SP,32,3819.97,4.16,3.1,-13.9,63.9,Good,604,2
79ebd9a61bac3eaf882805ed4ecfa12a,PR,125,14483.68,4.15,4.8,-12.0,63.9,Good,604,2
25c5c91f63607446a97b143d2d535d31,MG,148,50788.62,3.94,7.4,-11.6,63.9,Good,604,2
dc317f341ab0e22f39acbd9dbf9b4a1f,RS,55,19047.3,4.15,5.5,-15.0,63.9,Good,604,2
6288c69c4ce638e59925e59193f98b16,SP,20,4196.8,4.25,5.0,-12.0,63.8,Good,608,2
aaed1309374718fdd995ee4c58c9dfcd,SC,103,9158.25,4.09,2.9,-17.2,63.8,Good,608,2
7142540dd4c91e2237acb7e911c4eba2,SP,316,37505.73,4.05,7.3,-13.4,63.7,Good,610,2
67bf6941ba2f1fa1d02c375766bc3e53,PR,15,5062.0,4.33,6.7,-9.9,63.7,Good,610,2
b33e7c55446eabf8fe1a42d037ac7d6d,SP,147,44007.01,4.22,11.6,-11.3,63.7,Good,610,2
8ff1a9df749e454105c55cda13e79143,SP,12,1240.7,4.0,0.0,-8.9,63.7,Good,610,2
974cf2cb8f4b7add98709c30df02fe10,SP,30,2694.7,4.17,3.3,-13.8,63.7,Good,610,2
014d9a685fd57276679edd00e07089e5,PR,10,758.86,4.0,0.0,-12.0,63.7,Good,610,3
45d33f715e24d15a6ccf5c17b3a23e3c,SP,53,4787.54,4.28,5.7,-11.5,63.7,Good,610,3
3f8034bfc6b8b4135534975d49f04c63,PR,11,1273.9,4.0,0.0,-17.7,63.7,Good,610,3
cea729054f157f5870bdd321a958d994,SP,23,2484.1,4.22,4.3,-8.8,63.7,Good,610,3
c9aafcd0621b2207c10e32c649cada4d,SP,39,2686.16,4.41,7.7,-9.9,63.7,Good,610,3
3361277dc30b7cccdb0c286b24219756,PR,29,3905.05,4.34,6.9,-15.9,63.6,Good,620,3
33c51922b6e3c16b24a8f28e5833c99d,PR,18,6657.87,4.24,5.6,-13.7,63.6,Good,620,3
b83cedfb587e7911540e3f576d6917ce,SP,24,2241.85,4.21,4.2,-9.7,63.6,Good,620,3
1987cd4be10fe09ee50454f9c354d1c6,MG,14,2877.7,4.36,7.1,-13.7,63.6,Good,620,3
db4350fd57ae30082dec7acbaacc17f9,SP,132,3460.33,4.18,3.8,-15.8,63.6,Good,620,3
f7720c4fa8e3aba4546301ab80ea1f1b,PR,59,2221.55,4.26,5.1,-14.1,63.6,Good,620,3
f5b44895715ddfe3087dc414f30268f3,SP,19,378.8,4.0,0.0,-9.7,63.6,Good,620,3
00fc707aaaad2d31347cf883cd2dfe10,PR,102,12832.7,4.09,3.9,-15.5,63.6,Good,620,3
01fd077212124329bac32490e8ef80d9,SP,31,1372.0,4.16,3.2,-11.3,63.6,Good,620,3
1c68394e931a64f90ea236c5ea590300,PR,137,24951.08,3.96,3.6,-15.0,63.6,Good,620,3
004c9cd9d87a3c30c522c48c4fc07416,SP,155,19451.74,4.16,6.5,-11.7,63.5,Good,630,3
fbc14c0cf93505ef89f64665ffa4a7b5,SP,18,12452.82,4.18,5.6,-13.9,63.5,Good,630,3
412a4720f3e9431b4afa1476a1acddbe,SP,21,2058.1,4.24,4.8,-9.0,63.5,Good,630,3
1da3aeb70d7989d1e6d9b0e887f97c23,SP,256,8663.4,4.17,4.7,-11.4,63.5,Good,630,3
70c27847eca8195c983ed7e798c56743,RJ,77,12473.5,4.23,6.5,-11.8,63.5,Good,630,3
7dc8c42cc750eeafea6c85712ffee9bf,SP,41,6548.68,4.2,4.9,-13.9,63.5,Good,630,3
f5f2ab9bdb6b30c14c61be68c5ed37da,SP,18,2134.68,4.28,5.6,-14.9,63.5,Good,630,3
f80edd2c5aaa505cc4b0a3b219abf4b8,SP,113,8988.74,4.2,5.3,-12.1,63.5,Good,630,3
cb3dd9ce66268c7a3ca7241ac70ab58c,SP,48,2788.32,4.2,4.2,-13.1,63.5,Good,630,3
8d956fec2e4337affcb520f56fd8cbfd,SP,209,11025.2,4.22,6.2,-10.5,63.4,Good,639,3
f615fe7efbef0f4f08fd3086bc7a3e60,SP,21,2296.25,4.48,9.5,-12.2,63.4,Good,639,3
391fc6631aebcf3004804e51b40bcf1e,SP,505,39432.08,4.07,8.5,-11.2,63.4,Good,639,3
e9bc59e7b60fc3063eb2290deda4cced,PR,203,33599.4,4.09,7.9,-14.3,63.4,Good,639,3
e24d3429d294b2eb200b064ebb035879,SP,19,1878.58,4.26,5.3,-10.9,63.4,Good,639,3
522620dcb18a6b31cd7bdf73665113a9,PR,171,56631.39,3.92,8.8,-13.8,63.4,Good,639,3
26d8a1c7c75d513045798992ead43aa2,PR,34,5937.13,4.41,8.8,-12.1,63.4,Good,639,3
b6e1504972665f739dec4facb9943775,SP,14,1484.48,4.36,7.1,-9.0,63.4,Good,639,3
0887a9f087bcd5d9f6642b52f897fc6c,SP,12,1642.0,4.42,8.3,-12.4,63.4,Good,639,3
e883aa812c37a7413226856f4579fe91,SP,26,4097.1,4.15,3.8,-12.2,63.4,Good,639,3
1f9ab4708f3056ede07124aad39a2554,SP,75,13143.03,4.14,5.3,-13.3,63.3,Good,649,3
bb7a14e229b1c95156719c3d9552eeee,RJ,10,2760.2,4.5,10.0,-10.6,63.3,Good,649,3
31da954dc0855f2495c6310f70a2f931,SP,28,4284.0,4.32,7.1,-10.5,63.3,Good,649,3
822166ed1e47908f7cfb49946d03c726,RJ,67,3946.63,4.02,1.5,-13.1,63.3,Good,649,3
05d2173d43ea568aa0540eba70d2ca76,MG,62,5759.66,4.18,4.8,-11.6,63.3,Good,649,3
001cca7ae9ae17fb1caed9dfb1094831,ES,194,24347.13,4.08,6.2,-12.8,63.3,Good,649,3
f789d2c4f2c2eb38fc4373e7a4b35264,MG,41,4693.88,4.2,4.9,-14.3,63.3,Good,649,3
ea00f977a203ff88adf7057cb7806998,SP,18,381.73,4.28,5.6,-6.3,63.3,Good,649,3
575df70bde3f9f2b30bf8d2e9910d725,SP,26,5469.15,4.12,3.8,-16.4,63.2,Good,657,3
6806dad1da97bfb5a9038eac6881f706,PR,10,1477.0,3.95,0.0,-13.3,63.2,Good,657,3
95e03ca3d4146e4011985981aeb959b9,RJ,169,10886.17,4.06,3.6,-15.0,63.2,Good,657,3
845e8036c3f7bf62099352f5ed910240,RJ,21,1918.4,3.95,0.0,-13.6,63.2,Good,657,3
ffa6adafb71b807dc13159e26431354c,PR,17,2500.9,3.94,0.0,-12.7,63.2,Good,657,3
9d7a1d34a5052409006425275ba1c2b4,SP,13,1054.82,4.38,7.7,-12.1,63.2,Good,657,3
817245bcc3badd82bbd222e0366951a6,SP,28,5345.6,4.11,3.6,-12.4,63.2,Good,657,3
4e06067cc08b3f41d837768d392c3ee3,MG,31,1055.72,4.13,3.2,-13.0,63.2,Good,657,3
e7df4cd29ab5abab70fb0783ddb53987,SP,22,9548.8,4.36,9.1,-10.6,63.1,Good,665,3
062ce95fa2ad4dfaedfc79260130565f,RS,54,7718.0,4.09,3.7,-13.2,63.1,Good,665,3
f00e21b1e91a79653163b7fd8f293ff1,SP,31,3900.09,4.1,3.2,-16.2,63.1,Good,665,3
c3acdfac4e3e97ff87529454fbc03642,SP,12,16788.0,4.25,8.3,-9.5,63.1,Good,665,3
6d803cb79cc31c41c4c789a75933b3c7,SP,58,8711.4,4.25,6.9,-13.8,63.1,Good,665,3
0c8380b62e38e8a1e6adbeba7eb9688c,MG,176,17556.39,4.07,5.1,-11.8,63.1,Good,665,3
76d5af76d0271110f9af36c92573f765,SP,127,31992.67,4.16,9.4,-12.3,63.1,Good,665,3
cf2384dd2f1dddea3f838efed0945e65,SP,16,2101.5,3.94,0.0,-8.7,63.1,Good,665,3
827f8f69dfa529c561901c4f2e0f332f,PR,91,3408.39,4.29,6.6,-10.3,63.1,Good,665,3
33576ec5412fb5905d876f12f33bfde6,PR,31,2718.0,4.1,3.2,-17.1,63.0,Good,674,3
093805f8f2aeb63881444571e1f48f30,SP,22,1215.79,4.18,4.5,-10.2,63.0,Good,674,3
5b664594895aefb418afaee6d40a9a23,RJ,16,1066.8,3.94,0.0,-12.0,63.0,Good,674,3
8fdca8e349553f99bc738833a62c8802,SP,22,989.34,4.19,4.5,-12.5,63.0,Good,674,3
0adac9fbd9a2b63cccaac4f8756c1ca8,SP,105,15848.39,4.11,5.7,-11.0,63.0,Good,674,3
38e679b9e0064cd94c6f035707344dae,PR,27,3644.15,4.12,3.7,-16.9,63.0,Good,674,3
272f092de69afedd4d2969440b37f18f,SP,24,1776.43,3.93,0.0,-16.9,63.0,Good,674,3
ad97a199236354e53fcd91a5a913e9a2,SC,16,12446.85,4.5,12.5,-10.4,62.9,Good,681,3
e38db885400cd35c71dfd162f2c1dbcf,DF,30,2066.8,4.47,10.0,-12.3,62.9,Good,681,3
0c7533c71df861ec58ad7ff999ed0e8d,SP,59,2923.4,4.19,5.1,-10.0,62.9,Good,681,3
768a86e36ad6aae3d03ee3c6433d61df,SP,16,562.46,4.62,12.5,-8.8,62.9,Good,681,3
b8630e1121437d41cb08e3c749c2c2e2,RJ,12,6988.0,4.33,8.3,-9.6,62.9,Good,681,3
45ba18c210d42734ec52c0c1c574e9ee,SP,34,5138.45,4.21,5.9,-11.6,62.9,Good,681,3
634964b17796e64304cadf1ad3050fb7,RJ,262,39217.98,4.08,9.5,-10.2,62.9,Good,681,3
b2ac621f0d0322434d04a12b078b9369,PR,29,9445.6,4.41,10.3,-11.1,62.9,Good,681,3
343e716476e3748b069f980efbaa294e,SP,16,876.7,4.27,6.2,-12.4,62.9,Good,681,3
ce248b21cb2adc36282ede306b7660e5,SC,64,13706.43,4.23,7.8,-10.5,62.8,Good,690,3
01cf7e3d21494c41fb86034f2e714fa1,PR,59,9439.56,4.12,5.1,-15.2,62.8,Good,690,3
ed4acab38528488b65a9a9c603ff024a,SP,31,12648.46,3.81,0.0,-12.8,62.8,Good,690,3
fcb5ace8bcc92f75707dc0f01a27d269,SP,58,7932.7,4.04,3.4,-9.0,62.8,Good,690,3
98dac6635aee4995d501a3972e047414,SP,88,4336.32,4.14,4.5,-11.0,62.8,Good,690,3
fe49ee029e61e789a1f3a5525f57ba8d,SP,16,2473.69,4.25,6.2,-11.9,62.8,Good,690,3
a369d693961cb93b61ca2cc518872a85,SP,11,2656.9,3.91,0.0,-15.5,62.8,Good,690,3
9e6229250fedbe05838fef417b74e7fb,SP,68,12298.69,3.97,2.9,-15.0,62.8,Good,690,3
813348c996469b40f2e028d5429d3495,SP,170,10694.73,4.08,4.7,-10.6,62.7,Good,698,3
ea8482cd71df3c1969d7b9473ff13abc,SP,1122,36495.54,4.04,8.6,-9.9,62.7,Good,698,3
3dbbce181edfaa4a597ec858c382d2ec,PR,17,848.3,4.24,5.9,-9.8,62.7,Good,698,3
fdb9095204a334cd8872252ffec6f2db,SP,45,8252.0,4.21,6.7,-11.1,62.7,Good,698,3
1354d51653f645349064725ed204e85e,SP,18,2410.0,3.89,0.0,-18.8,62.6,Good,702,3
14a08204d03bb6b6bde8029f801ae0eb,SP,28,2315.3,3.89,0.0,-14.4,62.6,Good,702,3
382229d1e840115ffe3dbf5ff460e417,RJ,44,3997.16,4.25,6.8,-10.6,62.6,Good,702,3
4b5f66b7adcf57f1ecc0d3c07dd6b177,PR,23,6615.58,4.09,4.3,-14.8,62.6,Good,702,3
76ea5315acb3f5f7ade3cd261faf922a,SP,15,1261.06,4.27,6.7,-11.2,62.6,Good,702,3
5075aaa8404020ae6aa8bf4792099b41,MG,10,1572.88,3.9,0.0,-11.6,62.6,Good,702,3
e8b3a3a38279a82f0e5d006d5e5b7d2c,PR,80,11832.39,4.01,3.8,-18.6,62.6,Good,702,3
6b333a05bf188ef3e1f1662a86bd9855,DF,12,3990.91,4.33,8.3,-8.7,62.6,Good,702,3
08d0949a9a17c027262db1f3c450c26c,PR,11,309.8,3.91,0.0,-11.7,62.6,Good,702,3
4e922959ae960d389249c378d1c939f5,SP,411,45363.41,3.96,9.0,-12.9,62.5,Good,711,3
270297ead4c65a6cd2593960d2af6b21,SP,17,9412.6,3.82,0.0,-13.9,62.5,Good,711,3
acb6c2ca5c82411c1fdb88d5fd5eb95e,SP,10,413.88,3.9,0.0,-14.2,62.5,Good,711,3
751bdc4d83a466c7206cd42e8f426b03,SP,51,6730.76,3.94,2.0,-11.7,62.4,Good,714,3
3b15288545f8928d3e65a8f949a28291,SP,97,13189.81,4.16,7.2,-11.2,62.4,Good,714,3
4677a5437afda5fa7140b927b07be1cc,PR,11,3415.7,4.36,9.1,-14.1,62.4,Good,714,3
67883baaae6134ee81b271a542613728,SP,19,8167.9,4.11,5.3,-6.1,62.4,Good,714,3
3481aa57cd91f9f9d3fa1fa12d9a3bf7,SP,25,1805.33,3.88,0.0,-16.9,62.4,Good,714,3
16090f2ca825584b5a147ab24aa30c86,SP,397,25551.16,4.09,8.1,-9.7,62.4,Good,714,3
96493fab2fbb13a14d0c0e8772eef5c3,SP,63,18969.0,4.06,6.3,-10.1,62.4,Good,714,3
870d0118f7a9d85960f29ad89d5d989a,MG,44,3166.21,4.11,4.5,-10.0,62.4,Good,714,3
624f4ece8da4aafb77699233d480f8ef,SP,50,9026.79,4.24,8.0,-10.4,62.3,Good,722,3
542917da124346b47ea1ac79a93ce454,PR,20,1323.8,4.15,5.0,-14.0,62.3,Good,722,3
7357b52d27cbaa90f81a96cbc1279396,MG,12,1328.02,4.33,8.3,-9.1,62.3,Good,722,3
701938c450705b8ae65fc923b70f35c7,SP,74,11879.29,4.0,4.1,-11.7,62.3,Good,722,3
c6381d2d013342748761e906d45aff76,RS,15,2042.98,3.87,0.0,-16.5,62.3,Good,722,3
951e8cef368f09bb3f3d03c00ca4702c,SP,60,3873.33,4.21,6.7,-10.0,62.2,Good,727,3
165b1235e9e9942cb5fae67103576fb0,SP,11,2085.15,4.36,9.1,-7.9,62.2,Good,727,3
1f1bb1f0859883505541bdd6606193e5,SP,27,16040.84,4.33,11.1,-10.9,62.2,Good,727,3
4ba52dfeba874da5b9ee7b17c7494f04,SP,11,1463.0,4.36,9.1,-11.7,62.2,Good,727,3
7202e2ba20579a9bd1acb29e61fe71f6,SP,51,12085.7,3.98,3.9,-12.2,62.2,Good,727,3
f262cbc1c910c83959f849465454ddd3,SP,188,10139.87,4.18,7.4,-9.6,62.1,Good,732,3
8cbac7e12637ed9cffa18c7875207478,SC,66,3121.87,4.17,6.1,-13.6,62.1,Good,732,3
df56d7b40d437f88407c5f78b63bc328,PR,22,2791.28,4.09,4.5,-11.4,62.1,Good,732,3
c0563dd588b775f2e37747ef6ad6c92c,SP,27,3587.3,4.44,11.1,-8.9,62.1,Good,732,3
a416b6a846a11724393025641d4edd5e,SP,157,24930.24,4.22,10.8,-10.2,62.1,Good,732,3
729f06993dac8e860d4f02d7088ca48a,SP,93,20066.07,4.21,9.7,-10.8,62.1,Good,732,3
609e1a9a6c2539919b8205cf7c4e6ff0,SC,84,7207.78,3.87,1.2,-17.0,62.1,Good,732,3
b335c59ab742f751a85db9c411a86739,MG,29,2289.11,4.03,3.4,-11.4,62.0,Good,739,3
bd0389da23d89b726abf911cccc54596,DF,87,7541.16,4.17,6.9,-12.5,62.0,Good,739,3
5b67882648febfb6e1225e6ad7164f6b,PR,27,7028.38,4.0,3.7,-13.3,62.0,Good,739,3
ba143b05f0110f0dc71ad71b4466ce92,SP,83,6033.7,4.46,12.0,-8.5,62.0,Good,739,3
e24fc9fcd865784fb25705606fe3dfe7,SP,51,12768.0,4.16,7.8,-13.8,61.9,Good,743,3
f214d28e8d8e3ef068748498ccc2f813,SP,51,2127.44,4.26,7.8,-12.6,61.9,Good,743,3
2be17df1c49978426251562096c3cc09,SC,15,2106.0,4.2,6.7,-16.0,61.9,Good,743,3
e5475dcab1e07b63d7f6e902d8f5eda8,SP,19,2192.0,4.11,5.3,-10.4,61.8,Good,746,3
7e3f87d16fb353f408d467e74fbd8014,SP,91,4702.99,4.16,6.6,-10.4,61.8,Good,746,3
643214e62b870443ccbe55ab29a4dccf,SP,65,3229.23,4.4,10.8,-10.9,61.8,Good,746,3
c33847515fa6305ce6feb1e818569f13,SC,110,15517.6,3.89,3.6,-15.7,61.8,Good,746,3
82bd0703a4aefd6b599e5bfdaed378fb,SP,19,2315.28,4.11,5.3,-20.5,61.8,Good,746,3
e21a1e8be4715b0fcfd5385643bc49c4,SC,19,643.8,3.84,0.0,-10.9,61.8,Good,746,3
cbd996ad3c1b7dc71fd0e5f5df9087e2,SP,159,8160.53,4.21,8.2,-10.8,61.8,Good,746,3
06579cb253ecd5a3a12a9e6eb6bf8f47,SP,60,4518.5,4.17,6.7,-10.0,61.8,Good,746,3
2138ccb85b11a4ec1e37afbd1c8eda1f,SP,380,11907.75,3.98,4.7,-12.5,61.7,Good,754,3
a23266650e7c84bb93fbbba502137478,RS,11,1512.4,3.82,0.0,-16.8,61.7,Good,754,3
e1dc0754bada9ee4cfe9713f22f61292,RJ,12,885.0,3.83,0.0,-13.1,61.7,Good,754,3
0ffa40d54288e4f3499b8780dd0f144f,SP,33,2162.8,4.48,12.1,-12.0,61.7,Good,754,3
daeb5653dd96c1b11860f72209795012,MG,38,1864.1,4.25,7.9,-11.5,61.7,Good,754,3
7a241947449cc45dbfda4f9d0798d9d0,MG,56,7454.56,4.15,7.1,-13.6,61.7,Good,754,3
b9ca8e8baa5d4aa038394a700f63e69f,SP,14,1289.77,4.21,7.1,-9.1,61.7,Good,754,3
8a32e327fe2c1b3511609d81aaf9f042,SP,126,6546.82,3.94,3.2,-14.9,61.6,Good,761,3
8b2492b7ff4468839593fafeed55bad9,RJ,29,3660.08,4.17,6.9,-8.4,61.6,Good,761,3
6b536a23086fba0d58c08d68814397f6,RJ,18,1996.8,4.11,5.6,-12.1,61.6,Good,761,3
4559697a8f7e637227c2eeaed843baff,SP,39,3486.3,4.21,7.7,-12.5,61.6,Good,761,3
2a7dc43cecabf23403078e2188437d1d,SP,52,4859.91,4.1,5.8,-10.0,61.6,Good,761,3
c8b0e2b0a7095e5d8219575d5e7e1181,SP,83,12235.22,4.1,7.2,-10.9,61.6,Good,761,3
92eb0f42c21942b6552362b9b114707d,SP,330,6386.15,4.03,4.8,-10.3,61.6,Good,761,3
0ac4201fda2c68ebc0e47cb9423cf3c9,SP,13,1676.88,4.23,7.7,-12.3,61.6,Good,761,3
04e38a233f726ef161074ab1c9b0399a,SP,19,991.6,4.11,5.3,-5.6,61.6,Good,761,3
acadd4d36859671cb635527c6c977533,SP,12,2381.0,4.25,8.3,-7.1,61.5,Good,770,3
c3867b4666c7d76867627c2f7fb22e21,SP,225,34707.7,4.09,11.1,-9.7,61.5,Good,770,3
9a84ba99f5367fdbd4598363496f1ea2,GO,15,2223.38,3.8,0.0,-22.3,61.5,Good,770,3
7a425d299613df3e613bcf9d2eaf5c49,RJ,18,1218.8,4.11,5.6,-12.1,61.5,Good,770,3
271c58a1d139c45eaf3316107c6d3a3b,SP,27,3597.63,4.19,7.4,-11.2,61.5,Good,770,3
52d76513f0c4d97f3b99570e2c94ee31,RS,18,6803.2,4.06,5.6,-16.5,61.5,Good,770,3
ce7d1888639e6fb06b2749cbfdac1ff7,MG,77,12005.69,4.19,9.1,-12.0,61.4,Good,776,3
f45122a9ab94eb4f3f8953578bc0c560,SP,180,21646.23,3.99,7.2,-10.2,61.4,Good,776,3
97512d3fc193b2d1dfcdba0f9d1f0f8a,SP,12,1458.87,4.25,8.3,-8.7,61.4,Good,776,3
a17f621c590ea0fab3d5d883e1630ec6,SP,61,2941.73,4.14,6.6,-10.2,61.4,Good,776,3
8090490573c6c0aa343a7231ebcb8c86,SP,26,3871.12,4.19,7.7,-11.5,61.4,Good,776,3
77a515caa36327151d1cc6c32a9f00e1,SP,26,2217.39,4.42,11.5,-10.7,61.4,Good,776,3
48436dade18ac8b2bce089ec2a041202,SP,134,11971.1,4.1,7.5,-9.7,61.4,Good,776,3
c9c7905cffc4ef9ff9f113554423e671,SP,124,10540.2,4.15,8.1,-10.2,61.4,Good,776,3
e8b4225284fbb02d16f200513f1f395d,SP,30,5638.62,4.3,10.0,-13.8,61.4,Good,776,3
0be8ff43f22e456b4e0371b2245e4d01,SP,155,11521.69,4.05,6.5,-11.7,61.4,Good,776,3
7c4618c82226628831613e95e9c22f44,SP,12,300.03,4.25,8.3,-7.9,61.3,Good,786,3
1eade46fba20122dc4aefb379f8c636b,SP,58,3635.37,4.43,12.1,-7.6,61.3,Good,786,3
7b1222c3624aa89b9558b50a2594188c,SP,22,10103.52,4.45,13.6,-13.0,61.3,Good,786,3
f457c46070d02cadd8a68551231220dd,PR,178,18262.54,3.96,6.2,-11.8,61.3,Good,786,3
6d66611d7c44cc30ce351abc49a68421,SP,162,13360.7,3.98,5.6,-11.0,61.3,Good,786,3
4c498c7345e89aebad651544829beca0,SP,45,4526.37,4.36,11.1,-8.8,61.3,Good,786,3
5b33b527da3c5b969cc99dc435cad09a,PR,16,1872.79,4.12,6.2,-14.1,61.3,Good,786,3
3f3486b61f45078d4f31ee5e43d8c5bb,SP,39,3769.73,4.33,10.3,-10.3,61.3,Good,786,3
8b321bb669392f5163d04c59e235e066,SP,926,17494.39,4.11,8.7,-9.9,61.3,Good,786,3
8e6cc767478edae941d9bd9eb778d77a,MG,100,6134.35,4.07,6.0,-13.5,61.3,Good,786,3
e067ad2c1c0b48758eb1b5228bcf7a68,SP,54,5042.55,4.15,7.4,-10.8,61.2,Good,796,3
14d7985702e72162bbf13b6beb74ab2b,SP,36,3832.0,4.36,11.1,-8.6,61.2,Good,796,3
8f78f0903005064036736c7173a5c2ed,MG,13,2113.7,3.77,0.0,-11.8,61.2,Good,796,3
7e1fb0a3ebfb01ffb3a7dae98bf3238d,SP,154,26073.53,4.18,11.7,-10.6,61.2,Good,796,3
c5f7feb04a6a1fb3596322bfc3cf1917,SP,11,2217.5,4.27,9.1,-8.6,61.2,Good,796,3
6a8b085f816a1f75f92dbac6eb545f8f,SP,124,5883.17,4.18,8.1,-10.0,61.2,Good,796,3
820cc752a266cdc6c1a1e61dd4583330,PR,15,2802.8,4.13,6.7,-11.7,61.2,Good,796,3
8e2b3afb420011ef0c88c9d5f11ea526,SP,11,1441.39,4.27,9.1,-10.7,61.1,Good,803,3
9f50216bfd01913736a55a11b55ea842,SP,17,1498.49,4.41,11.8,-8.2,61.1,Good,803,3
432c37c9dfba871172ec162e20118b8c,DF,44,2679.87,4.25,9.1,-11.6,61.1,Good,803,3
d1c281d3ae149232351cd8c8cc885f0d,SP,202,26726.71,3.9,6.9,-11.2,61.1,Good,803,3
b4a476fbd28de64b1e347abf9089366a,SP,29,4469.04,4.11,6.9,-10.9,61.0,Good,807,3
e48cc16ab70bfa09e1401740dce0b3d7,SP,13,944.85,3.77,0.0,-11.2,61.0,Good,807,3
9803a40e82e45418ab7fb84091af5231,GO,11,4278.75,3.73,0.0,-16.5,61.0,Good,807,3
ad420dd0c4f92f8af951ac24b86d0cf5,MG,42,4705.29,4.12,7.1,-11.0,61.0,Good,807,3
a8739afb32aaa45e01815ca76f76f54b,SP,13,298.83,3.77,0.0,-10.4,61.0,Good,807,3
cfb1a033743668a192316f3c6d1d2671,SP,133,12207.35,4.19,9.8,-11.2,61.0,Good,807,3
1336efc61c316ddf92c899eb817f7cae,SP,68,4586.73,4.21,8.8,-11.2,61.0,Good,807,3
fd386aa7bed2af3c7035c65506c9b4a3,SP,66,2191.26,4.32,10.6,-9.3,60.9,Good,814,3
213b25e6f54661939f11710a6fddb871,SP,138,14469.5,4.02,7.2,-10.9,60.9,Good,814,3
4a3ccda38b2129705f3fb522db62ca31,SP,62,15846.39,3.97,6.5,-11.2,60.9,Good,814,3
81f89e42267213cb94da7ddc301651da,SP,45,3886.0,3.73,0.0,-9.7,60.9,Good,814,3
fe701d88b67eaca109dffd464d1be9f9,RJ,10,1359.0,4.3,10.0,-15.9,60.9,Good,814,3
6ddc28b61be28373b4503a1f61cf98a9,SP,10,1576.0,4.3,10.0,-7.5,60.9,Good,814,3
5d9dc90a686a8fddacffab6bab5653a3,SP,12,3761.94,4.17,8.3,-9.6,60.8,Good,820,3
b39d7fe263ef469605dbb32608aee0af,SP,41,4873.3,3.98,4.9,-15.4,60.8,Good,820,3
688756f717c462a206ad854c5027a64a,SP,77,6050.46,3.91,3.9,-8.2,60.8,Good,820,3
11305281b50fff20ae8bb473f8e11876,MG,35,6978.59,4.31,11.4,-12.8,60.8,Good,820,3
a938325a4b357fd23a6a4d5bb126408e,RJ,23,3182.0,3.96,4.3,-10.8,60.8,Good,820,3
5d3bb11474a06bdc23fb9e89f1164ee0,SP,31,3654.6,3.9,3.2,-13.4,60.8,Good,820,3
a888faf2d1baececa6baf9c3d603ee1f,PR,53,17564.8,4.09,9.4,-10.7,60.7,Good,826,3
b56906f7fd1696e043f1bcce164c487b,SP,40,2188.29,4.0,5.0,-14.7,60.7,Good,826,3
7ecd59e5e20407131822c1a68ac59c1f,DF,24,1466.71,4.42,12.5,-12.0,60.7,Good,826,3
f4c4daa86e30c7e5a553a8d518ac03a5,PR,18,5984.31,4.0,5.6,-13.6,60.7,Good,826,3
eed78ac17f7f795a19a709745f00cd4e,SP,21,4163.0,3.71,0.0,-13.1,60.7,Good,826,3
37515688008a7a40ac93e3b2e4ab203f,SP,222,5925.8,4.13,8.1,-7.8,60.7,Good,826,3
f84fa566034f5e8e880a07ec624c56af,SP,89,4993.91,4.25,10.1,-7.6,60.7,Good,826,3
f0b47fbbc6dee9aafe415a6e33051b3f,SP,64,3663.5,4.31,10.9,-12.2,60.7,Good,826,3
5d0363b33554b373851fc1622e4d5f3c,SP,91,6463.89,4.1,7.7,-9.0,60.6,Good,834,3
8e8a7ce9f2f970dc00e2acf6f6e199f6,RJ,63,8821.0,4.0,6.3,-11.0,60.6,Good,834,3
07bf9669d84d1f11be443a9dd938f698,SP,18,1776.0,3.72,0.0,-18.2,60.6,Good,834,3
ca4b77513ac2040591b0d8fae6958380,SP,14,1772.45,4.5,14.3,-3.2,60.6,Good,834,3
d379f449f2a3b271bc01c0782020f705,MG,28,4493.96,3.89,3.6,-14.7,60.6,Good,834,3
406822777a0b9eb5c50e442dd4cd3ec5,SP,44,3548.09,4.33,11.4,-10.9,60.6,Good,834,3
6b3bd31ad8fcda4b2635ec9f3ff2ecdf,RJ,34,4069.85,4.18,8.8,-8.9,60.6,Good,834,3
bbaff50f3b708fda865918715276cd87,SP,11,398.7,4.73,18.2,-8.9,60.6,Good,834,3
8931a84a914b3fe9b1ddaa4d704947ca,SP,29,4668.3,4.07,6.9,-10.8,60.6,Good,834,3
93dc87703c046b603023e75222018b45,MG,32,7720.35,4.17,9.4,-10.2,60.5,Good,843,3
056b4ada5bbc2c50cc7842547dda6b51,RJ,64,12203.4,4.21,10.9,-12.5,60.5,Good,843,3
d2374cbcbb3ca4ab1086534108cc3ab7,SP,497,20628.18,3.83,5.4,-14.7,60.5,Good,843,3
e5a38146df062edaf55c38afa99e42dc,SP,119,15231.09,4.0,7.6,-10.5,60.5,Good,843,3
09f952a5f58d2285b0372551ae8f9b01,SP,46,11161.77,3.98,6.5,-11.0,60.5,Good,843,3
a3e9a2c700480d9bb01fba070ba80a0e,SP,121,12930.5,4.09,9.1,-10.2,60.4,Good,848,3
44073f8b7e41514de3b7815dd0237f4f,DF,142,18421.54,3.74,3.5,-16.0,60.4,Good,848,3
cd3d09fbe6e3e9ff0c0ac0c300e93ae7,SP,12,651.04,4.17,8.3,-9.8,60.4,Good,848,3
13d058e4eeac2ce8217660b2f8a05812,SP,22,3739.78,4.18,9.1,-10.3,60.4,Good,848,3
e81e1f9c3e762e620f3fb60a51499e16,SC,17,4465.99,4.0,5.9,-18.2,60.4,Good,848,3
f27e33c6d29b5138fa9967bcd445b6d5,SP,93,9049.1,4.1,8.6,-10.3,60.4,Good,848,3
392e0502231ae2f8b29994ef6398cd77,SP,17,1572.9,4.35,11.8,-7.9,60.4,Good,848,3
900ba814c251a692506d7834c1218441,SP,85,28526.41,4.22,14.1,-8.6,60.4,Good,848,3
23c38debaffe4a25a30fdbd9b586a13f,SP,40,5307.28,4.35,12.5,-10.0,60.4,Good,848,3
53d00c40e32aeb924a84ce72b1af869d,SP,16,2057.95,4.38,12.5,-7.1,60.3,Good,857,3
c794dab4928dd97beb41d05514441e86,SP,16,1312.4,4.38,12.5,-7.4,60.3,Good,857,3
1d8dbc4f32378d715c717c1c1fc57bae,PR,90,11544.42,4.09,8.9,-11.4,60.3,Good,857,3
3c4e0452bff7a2a788179488d3d77032,PR,32,3746.4,3.84,3.1,-15.4,60.2,Good,860,3
276677b5d08786d5dce7c2149dcce48b,MG,31,3424.2,4.03,6.5,-8.8,60.2,Good,860,3
d05ae8f7a5bd1d2a690a44cd079e4e27,RJ,75,12872.0,3.95,6.7,-11.0,60.2,Good,860,3
8476243f92442881ddd5b578975cf115,RS,12,7892.99,4.08,8.3,-7.6,60.2,Good,860,3
3db66a856d18a9cba7c9241fc5221c50,MG,94,9498.3,4.19,10.6,-11.8,60.2,Good,860,3
1cbd32d00d01bb8087a5eb088612fd9c,SP,11,1045.47,4.18,9.1,-11.1,60.1,Good,865,3
ececbfcff9804a2d6b40f589df8eef2b,SP,96,6698.55,4.14,9.4,-11.3,60.1,Good,865,3
f97e2b0650c2068227e1d366140eb62f,SP,16,3654.0,4.0,6.2,-19.4,60.1,Good,865,3
aac29b1b99776be73c3049939652091d,MG,93,6658.48,4.16,9.7,-10.7,60.1,Good,865,3
5656537e588803a555b8eb41f07a944b,DF,169,7859.59,3.91,5.3,-11.8,60.1,Good,865,3
1900267e848ceeba8fa32d80c1a5f5a8,SP,377,24558.05,3.94,8.8,-9.6,60.1,Good,865,3
dc4a0fc896dc34b0d5bfec8438291c80,SP,218,23478.12,3.85,6.9,-11.2,60.1,Good,865,3
6860153b69cc696d5dcfe1cdaaafcf62,SP,74,3827.63,4.1,8.1,-9.4,60.1,Good,865,3
323ce52b5b81df2cd804b017b7f09aa7,SP,29,2374.3,4.43,13.8,-5.7,60.1,Good,865,3
2b1a40c1daabc6ca280c4b815c101841,MG,22,12342.6,3.82,4.5,-14.2,60.1,Good,865,3
4de6e4ba574aa9dfdc824bc44dc47fdd,PR,14,451.1,4.07,7.1,-18.4,60.0,Good,875,3
d51e0a403fe2e689ece6c73359d96e12,SP,18,7380.0,4.22,11.1,-14.8,60.0,Good,875,3
7b7f91e98f8c6def45a1407923304402,SP,11,417.47,4.18,9.1,-10.0,60.0,Good,875,3
39d54ff918774174706fb065d7f9dc07,SP,21,1428.69,4.19,9.5,-12.2,60.0,Good,875,3
430315b7bb4b6e4b3c978f9dfa9b0558,SP,19,2864.4,3.95,5.3,-14.4,60.0,Good,875,3
8648b1e89e9b349e32d3741b30ec737e,SP,91,7071.95,4.16,9.9,-11.9,60.0,Good,875,3
3be634553519fb6536a03e1358e9fdc7,SP,78,5138.43,4.06,7.7,-10.6,60.0,Good,875,3
2a6fbeaa7ab9e5d59a35841a8da71ce4,SC,29,1577.69,4.04,6.9,-12.6,59.9,Good,882,3
229c3efbfb0ea2058de4ccdfbc3d784a,MG,118,15479.0,3.62,1.7,-12.6,59.9,Good,882,3
49067458c68f7701fd334ce326accbe0,MG,15,961.3,3.67,0.0,-13.7,59.9,Good,882,3
fdaaf5bfda82b7b80535610c831b8d09,SP,10,2588.9,4.2,10.0,-12.5,59.9,Good,882,3
54c04bdb5ec46762f8f08c7e8f86ed4a,SC,17,3165.11,4.29,11.8,-9.9,59.9,Good,882,3
8f2ce03f928b567e3d56181ae20ae952,SP,151,21213.2,4.15,12.6,-9.0,59.8,Good,887,3
048c2757535328e0d7dac690ad3c0aae,SP,50,9065.08,4.24,12.0,-10.0,59.8,Good,887,3
6f892e20a171e98efe17fdb971ff319b,SP,41,6049.0,4.15,9.8,-9.8,59.8,Good,887,3
8160255418d5aaa7dbdc9f4c64ebda44,SP,368,45897.6,3.99,13.9,-8.1,59.8,Good,887,3
8629c241b3622ac12cd4118afdc8d394,SP,13,1167.66,4.08,7.7,-14.1,59.8,Good,887,3
95f83f51203c626648c875dd41874c7f,MG,48,3141.53,3.75,2.1,-14.1,59.8,Good,887,3
5b8154610ebb21fb90eb587365e673df,SP,37,9048.05,4.16,10.8,-10.0,59.7,Good,893,3
3ade81dab5a172b88e1871c28ae05260,SP,28,5406.5,4.19,10.7,-10.2,59.7,Good,893,3
dd2bdf855a9172734fbc3744021ae9b9,MG,105,10607.0,3.87,5.7,-23.0,59.7,Good,893,3
a420f60ff1aa9acc80d0e42959f2b313,SP,66,7415.3,4.0,7.6,-12.9,59.7,Good,893,3
eb5b6204dde3a6e03b5f1bb8479f055b,SP,19,452.2,3.95,5.3,-13.3,59.7,Good,893,3
f4aba7c0bca51484c30ab7bdc34bcdd1,SP,108,2999.89,3.94,5.6,-15.7,59.7,Good,893,3
0afccdb8a34ee5c79f7c06faf2b4d56e,MG,24,1185.6,4.09,8.3,-10.4,59.6,Good,899,3
7aa4334be125fcdd2ba64b3180029f14,SP,212,15778.07,4.14,11.8,-9.4,59.6,Good,899,3
b18dc380845b24038cfc48006478f099,SP,43,7753.96,4.21,11.6,-11.3,59.6,Good,899,3
1da366cade6d8276e7d8beea7af5d4bf,MG,42,6387.59,3.98,7.1,-8.4,59.6,Good,899,3
b64d51f0435e884e8de603b1655155ae,SP,17,426.08,4.29,11.8,-10.6,59.6,Good,899,3
56642bcb79900e777d68e91915cb4267,SP,48,3657.64,4.06,8.3,-13.6,59.5,Good,904,3
4324dd16853115efb0fd9d0d131ba6f4,SP,12,1226.25,4.08,8.3,-12.9,59.5,Good,904,3
3ab971ce71839580d2ae5b4e40fe8044,SP,35,4917.0,3.91,5.7,-12.1,59.5,Good,904,3
4992e76a42cb3aad7a7047e0d3d7e729,SP,54,2251.39,3.93,5.6,-10.6,59.5,Good,904,3
5b07547f10dd980738a1a27f685af669,SP,13,1134.6,4.46,15.4,-5.8,59.4,Good,908,3
b499c00f28f4b7069ff6550af8c1348a,SP,144,10124.2,4.26,13.2,-11.2,59.4,Good,908,3
bd1d49a326abfa9b1036772e40445430,SP,12,637.7,4.08,8.3,-12.1,59.4,Good,908,3
b5e3e38609125694d2ea2417522a60b7,SC,16,995.04,4.31,12.5,-7.2,59.4,Good,908,3
784ba75dd9d20200c4caed3d7a77141a,SP,19,8142.33,4.13,10.5,-9.2,59.4,Good,908,3
aae3bfea055532c57fb453ed3ec80b30,SP,48,3147.82,3.6,0.0,-13.8,59.4,Good,908,3
08d2d642cf72b622b14dde1d2f5eb2f5,SP,16,909.0,4.31,12.5,-11.5,59.4,Good,908,3
ef506c96320abeedfb894c34db06f478,SP,311,9460.62,3.97,8.0,-10.9,59.3,Good,915,3
6a8a889bde935bafa76d7848782dfaf9,SP,26,900.81,4.04,7.7,-15.2,59.3,Good,915,3
0ed6ce5d87fd9c69eaacaeb778d67235,SP,42,2026.52,4.39,14.3,-12.8,59.3,Good,915,3
59b22a78efb79a4797979612b885db36,MG,124,27224.5,3.98,11.3,-10.0,59.3,Good,915,3
0dd184061fb0eaa7ca37932c68ab91c5,SP,159,18660.91,4.03,10.7,-10.4,59.3,Good,915,3
4c2b230173bb36f9b240f2b8ac11786e,SP,255,14507.44,4.0,9.4,-8.0,59.3,Good,915,3
e99e927c81e3f51739c94fcdfca9f10f,MG,19,2388.79,3.89,5.3,-8.7,59.3,Good,915,4
15aac934c58d886785ac1b17953ea898,ES,25,4353.9,4.24,12.0,-9.2,59.3,Good,915,4
e06f09ec0a4aca210779cf1cfc63cf19,SP,29,5279.49,3.95,6.9,-17.0,59.3,Good,915,4
36a968b544695394e4e9d7572688598f,SP,146,6838.71,3.74,3.4,-12.3,59.2,Good,924,4
9906e7aa42a3c067b7c9a564d01c4320,PR,12,2738.8,4.5,16.7,-12.0,59.2,Good,924,4
c89cf7c468a48af70aada384e722f9e2,RJ,14,745.0,4.0,7.1,-10.2,59.2,Good,924,4
5c6d4016c2a288f074fa0848a2b653d2,SP,30,3008.0,4.13,10.0,-9.8,59.2,Good,924,4
4ebdc7e6cd6102a022dadc49156d4ea8,SP,29,989.6,3.79,3.4,-11.0,59.2,Good,924,4
723cd880edaacdb998898b67c8f9da30,SP,11,2206.43,4.09,9.1,-11.3,59.2,Good,924,4
63b464dbf392c7b80d12d932fa7cafed,SP,36,6622.0,3.86,5.6,-14.8,59.2,Good,924,4
6a51fc556dab5f766ced6fbc860bc613,SP,24,7217.87,4.0,8.3,-12.5,59.2,Good,924,4
b561927807645834b59ef0d16ba55a24,SP,84,4623.99,4.35,14.3,-8.5,59.2,Good,924,4
b8555308bfdb4ca1ed54325a58da9a97,SP,26,3047.2,4.0,7.7,-10.9,59.1,Good,933,4
f61c63d13f7cd800549d5acdd390ae72,SP,26,3072.3,4.0,7.7,-11.2,59.1,Good,933,4
afa6714acee029b2dfdf357e5579cc03,SP,16,3220.76,4.25,12.5,-14.1,59.0,Good,935,4
236585a4ddb5fea9fa40233e2249ed91,RS,11,649.53,4.09,9.1,-13.2,59.0,Good,935,4
5011f0d93373a4c5753adf58ca77af8d,SP,11,859.52,4.09,9.1,-8.2,59.0,Good,935,4
0d85bbda9889ce1f7e63778d24f346eb,MG,51,4845.2,4.2,11.8,-11.7,59.0,Good,935,4
165fc07beebdcb6190fba8a06db2a449,PR,47,16882.31,3.89,8.5,-11.4,58.9,Good,939,4
6a0cbc8af2e8abd1bdfb777943d174c6,SP,34,3788.15,4.03,8.8,-8.9,58.9,Good,939,4
8b8cfc8305aa441e4239358c9f6f2485,PR,15,11892.0,4.2,13.3,-16.1,58.9,Good,939,4
8b28d096634035667e8263d57ba3368c,SP,135,8922.02,4.07,10.4,-11.4,58.9,Good,939,4
d673a59aac7a70d8b01e6902bf090a11,SP,76,4381.22,3.97,7.9,-11.6,58.8,Good,943,4
ec80e49e69745ab6c14f984bf2149423,SP,12,3709.0,4.0,8.3,-10.4,58.8,Good,943,4
20cb7c2fde3e5bf10f0bbe7394e1c6a9,PR,31,845.0,4.1,9.7,-12.2,58.8,Good,943,4
cd06602b43d8800bd0afad514919d35c,SP,41,2414.51,3.83,4.9,-10.9,58.8,Good,943,4
1b8b75e227c9a9c100d0c210fb6176ce,SP,15,1444.87,3.93,6.7,-19.6,58.8,Good,943,4
3df020b72d3d44b3af9d110fa3940b65,SP,54,5038.1,4.04,9.3,-11.0,58.8,Good,943,4
a673821011d0cec28146ea42f5ab767f,SP,122,13463.73,4.03,10.7,-8.9,58.7,Good,949,4
70a12e78e608ac31179aea7f8422044b,SP,309,29871.0,3.8,9.4,-10.3,58.7,Good,949,4
ea67327e24487bdfac5fbfa37ea124df,SP,30,5942.89,3.7,3.3,-14.8,58.7,Good,949,4
e7d5b006eb624f13074497221eb37807,SP,28,3478.93,3.93,7.1,-10.0,58.7,Good,949,4
d3674f271c91f824f82d24d92011f669,DF,20,1718.3,4.1,10.0,-11.4,58.7,Good,949,4
f8201cab383e484733266d1906e2fdfa,SC,10,889.0,4.1,10.0,-11.7,58.6,Good,954,4
87b740daf17b5d1be335a64164ec6842,SP,10,11299.9,4.0,10.0,-13.3,58.6,Good,954,4
6f229cc508fc6915ed5c499efd93baa4,RJ,13,2654.8,4.38,15.4,-8.9,58.6,Good,954,4
31ae0774c17fabd06ff707cc5bde005f,SP,11,6719.85,4.0,9.1,-12.4,58.6,Good,954,4
238fac594e170b59c6d228f5a4f4f1d9,SP,28,3007.0,4.11,10.7,-10.5,58.5,Good,958,4
55f7a3319d80f7fdf078b8f03e6725fe,SP,22,3013.78,3.77,4.5,-6.5,58.5,Good,958,4
4978a02ea9c8be7a9b5480680f40334e,SP,17,2339.62,3.53,0.0,-9.0,58.5,Good,958,4
9df5750209b83567ec144eb299d7d634,RS,11,4917.0,4.0,9.1,-20.3,58.4,Good,961,4
2e90cb1677d35cfe24eef47d441b7c87,SP,126,13879.91,4.11,12.7,-10.4,58.4,Good,961,4
968268a686aa05d1f529fb07dff08130,SP,12,4677.29,3.5,0.0,-11.8,58.4,Good,961,4
9d5604a1f112324ad6b2aa552122e0fb,SP,13,421.5,3.54,0.0,-14.2,58.4,Good,961,4
b74d1c09cb380e1d03a6f859c6f4224b,RJ,29,2210.6,4.28,13.8,-12.9,58.4,Good,961,4
7c1fea10b5b006671d608b1d7c446ec4,SP,12,363.8,4.0,8.3,-9.8,58.4,Good,961,4
5f2684dab12e59f83bef73ae57724e45,SP,67,8870.97,3.79,6.0,-11.1,58.4,Good,961,4
f125f3a310c2e5f822d116147de1e474,SP,16,2761.4,4.19,12.5,-8.1,58.3,Good,968,4
6d988d6174a2c27441597174f8905515,PR,19,405.72,4.11,10.5,-8.9,58.3,Good,968,4
30829ded4523ab9224b93bc49a62c95f,RS,18,6911.71,3.78,5.6,-17.6,58.3,Good,968,4
d5ba419e26d246a0719437cf37d9b46d,SP,33,3939.49,4.0,9.1,-8.9,58.3,Good,968,4
7d76b645482be4a332374e8223836592,SP,172,3913.61,4.0,9.3,-9.1,58.2,Good,972,4
ccb83a794700270fde70898fe9ff368b,SC,12,11062.0,4.33,16.7,-9.9,58.2,Good,972,4
4c18691b6037662be2df78a765d98ab5,SP,62,3159.02,3.85,6.5,-11.1,58.2,Good,972,4
411f3b52d857390502ee4e4d5ceabc2d,SP,20,1734.11,4.06,10.0,-6.4,58.2,Good,972,4
373ee4a3a775a733770ca3f790b8b9ac,RJ,13,2141.49,3.92,7.7,-11.5,58.1,Good,976,4
66dc1b1632bd6a3e508510c5b3492107,SP,36,3642.18,3.64,2.8,-14.8,58.1,Good,976,4
45213867cefbf2cd4c6177e10216a951,SP,14,4955.42,3.86,7.1,-13.3,58.1,Good,976,4
0176f73cc1195f367f7b32db1e5b3aa8,SP,36,4712.6,4.08,11.1,-9.1,58.1,Good,976,4
c12b92bf1c350f3e6bf88d3596219c86,SP,16,4752.79,3.81,6.2,-13.4,58.1,Good,976,4
99eaacc9e6046db1c82b163c5f84869f,SP,63,12642.28,4.0,11.1,-8.8,58.1,Good,976,4
70849ca4f400aaabb62cb7462a6f1428,MG,12,909.58,4.42,16.7,-11.0,58.1,Good,976,4
c4fabeea6e569d42d02993bb1f4f1cbc,CE,11,859.3,4.0,9.1,-5.3,58.0,Good,983,4
e8f6dc8e6a1dcde89d20e3995c8d90b3,SP,34,2243.83,3.97,8.8,-21.1,58.0,Good,983,4
af3ef48d0e13835e529c29ac573c63e5,SP,21,1405.63,3.76,4.8,-11.4,58.0,Good,983,4
e3a386fc36e22064434e1fa256f6a9fa,SP,16,793.9,4.19,12.5,-10.3,58.0,Good,983,4
7bac63f6603d382cc8d0832eb6c100a8,SP,19,7751.95,4.0,10.5,-5.4,57.9,Good,987,4
a36b125ac6d5fdbc7f50de85c9157bdc,SP,23,1793.65,3.96,8.7,-10.8,57.9,Good,987,4
5343d0649eca2a983820bfe93fc4d17e,SP,68,10546.46,3.96,10.3,-12.8,57.9,Good,987,4
05f51e13da97139648b8125c31e5f51b,MG,57,13100.31,4.23,15.8,-9.8,57.8,Good,990,4
df560393f3a51e74553ab94004ba5c87,PR,26,3429.78,3.88,7.7,-13.6,57.8,Good,990,4
db2956745b3a8e9f3785c99f34b5d25e,SP,44,8185.9,3.91,9.1,-12.0,57.8,Good,990,4
23d7c96d4a1160db1c726b248601b25a,SP,50,10658.24,3.93,10.0,-11.0,57.7,Good,993,4
ef2fbc2b607d8492bcffe657a4645434,RJ,17,826.1,4.12,11.8,-9.5,57.7,Good,993,4
c679fb69a36e1d8349e8c50a217b4d58,RS,14,1910.48,3.85,7.1,-9.6,57.7,Good,993,4
bf84056e679dbe9c69929847a40e338f,SP,35,1918.08,3.77,5.7,-6.7,57.6,Good,996,4
edf96ef93ed595084bbcbd9224bd2894,SP,25,3757.0,3.88,8.0,-8.8,57.6,Good,996,4
f7ccf836d21b2fb1de37564105216cc1,SP,68,2778.24,3.85,7.4,-8.9,57.6,Good,996,4
2d2c62bef4c8ba0dd74e0e228e808539,SP,16,3749.0,4.12,12.5,-9.3,57.6,Good,996,4
dd533b429f380718b70ad9922c294bae,SP,37,2636.08,4.03,10.8,-9.4,57.5,Good,1000,4
adbc26658d6c7b4b6219f9d934598091,PR,87,11717.39,4.11,13.8,-8.2,57.5,Good,1000,4
1d503743d2526f03f0c2c89540ee008c,SP,12,516.04,3.92,8.3,-9.4,57.5,Good,1000,4
855668e0971d4dfd7bef1b6a4133b41b,SP,298,30824.21,3.87,12.8,-9.0,57.5,Good,1000,4
bc07d855eac23aab5ac8a120f21d16b2,SP,11,1202.62,4.45,18.2,-10.4,57.5,Good,1000,4
4be6b962d83299498bae2190f95d6566,SP,10,369.9,4.0,10.0,-12.5,57.4,Good,1005,4
17306570e772e7718c92a562d33f5f1d,SP,27,8699.9,3.78,7.4,-9.6,57.4,Good,1005,4
0cbcee27c791afa0cdcb08587a2013a8,MG,37,5054.15,4.0,10.8,-15.0,57.4,Good,1005,4
2e1a7d075abe038c1b2743005fe42ff1,SP,17,1287.0,4.41,17.6,-7.2,57.4,Good,1005,4
198c7ea11960a9844b544d9bcdca860c,MG,25,1733.75,3.88,8.0,-10.8,57.4,Good,1005,4
ff1fb4c404b2efe68b03350a8dc24122,SP,43,6517.0,4.16,14.0,-8.2,57.4,Good,1005,4
681fce914360217db47784ae28905a96,PR,21,4051.23,4.2,14.3,-12.3,57.4,Good,1005,4
34056b8b55c1775a22af2331670a799c,SP,77,6398.7,4.04,11.7,-10.9,57.4,Good,1005,4
99002261c568a84cce14d43fcffb43ea,MT,36,4117.0,3.72,5.6,-12.2,57.3,Good,1013,4
57c764b4a836300be881e2ff86e449f9,SP,28,1202.9,4.22,14.3,-9.4,57.3,Good,1013,4
e9d99831abad74458942f21e16f33f92,SP,129,4883.49,3.95,10.1,-9.5,57.3,Good,1013,4
c26a2be5b53b7db6b276280da212a779,RJ,13,7482.0,3.38,0.0,-11.4,57.3,Good,1013,4
ffeee66ac5d5a62fe688b9d26f83f534,SP,14,1839.86,4.21,14.3,-8.4,57.3,Good,1013,4
a1474fd46fd3430168f7ec202da39408,SP,12,2752.5,4.33,16.7,-12.7,57.2,Good,1018,4
710e3548e02bc1d2831dfc4f1b5b14d4,PR,129,22197.35,3.44,3.9,-21.7,57.2,Good,1018,4
1ce3ae5a399804d1a87e706f8a813c3e,SC,38,2646.99,3.84,7.9,-15.2,57.1,Good,1020,4
1835b56ce799e6a4dc4eddc053f04066,SP,394,33358.77,3.71,10.9,-10.1,57.1,Good,1020,4
8ca1551acf9832a4cf467bbbac15851f,PR,11,2236.3,3.91,9.1,-14.0,57.1,Good,1020,4
863d2ebcd347ce4922de7a0f9a5581d6,RJ,17,1312.36,4.06,11.8,-10.4,57.1,Good,1020,4
2745f798279e0ed033addcc1474776d7,SP,31,3578.63,3.93,9.7,-10.3,57.1,Good,1020,4
23613d49c3ac2bd302259e55c06c050c,SP,66,4466.24,3.88,9.1,-10.7,57.0,Good,1025,4
2e3be8a987a30d7544dbbda6861cc14e,MG,14,2472.86,3.79,7.1,-11.2,57.0,Good,1025,4
a6bd7d1ccdac48c6b33b28596b7eb122,PB,14,13019.6,3.69,7.1,-16.0,57.0,Good,1025,4
c273175f7c6c80fb02f051e2fc6d0d72,SP,14,1188.23,3.79,7.1,-12.4,56.9,Good,1028,4
a6fe7de3d16f6149ffe280349a8535a0,SP,50,2844.9,4.04,12.0,-9.3,56.9,Good,1028,4
e62b2d6ac10570a035a30bafcf01d263,SP,62,5487.53,3.97,11.3,-9.4,56.8,Good,1030,4
3c7c4a49ec3c6550809089c6a2ca9370,SP,136,3909.95,3.69,5.9,-9.4,56.8,Good,1030,4
36890be00bbfc1cdb9a4a38a6af05a69,SP,13,1361.3,4.23,15.4,-11.6,56.8,Good,1030,4
318f287a62ab7ac10b703ac37435a231,SP,51,2432.48,3.92,9.8,-9.9,56.8,Good,1030,4
18a349e75d307f4b4cc646a691ed4216,SP,108,7523.91,3.63,5.6,-14.6,56.7,Good,1034,4
5b179e9e8cc7ab6fd113a46ca584da81,SP,34,5173.5,3.67,5.9,-11.7,56.7,Good,1034,4
ec8879960bd2221d5c32f8e12f7da711,SP,35,3957.5,4.29,17.1,-8.7,56.7,Good,1034,4
c9a06ece156bb057372c68718ec8909b,DF,11,3849.0,3.36,0.0,-32.9,56.7,Good,1034,4
2089a6d640999f9b9141ac719b2af596,SP,40,7584.02,4.0,12.5,-11.2,56.6,Good,1038,4
fffd5413c0700ac820c7069d66d98c89,SP,54,8412.73,4.02,13.0,-11.1,56.6,Good,1038,4
1b7e5006cb25dd23ce8686691013b121,SP,11,2636.74,4.36,18.2,-6.4,56.6,Good,1038,4
8f54d64f28a993550aa7943f12572959,MG,15,2755.5,3.73,6.7,-11.9,56.6,Good,1038,4
fb89df7f89fd1b8f03fa2acca1ba7364,PR,22,2220.0,3.86,9.1,-9.2,56.6,Good,1038,4
f84a00e60c73a49e7e851c9bdca3a5bb,RJ,87,5793.24,3.89,10.3,-10.3,56.5,Good,1043,4
75d34ebb1bd0bd7dde40dd507b8169c3,BA,57,12656.33,3.93,12.3,-16.4,56.5,Good,1043,4
897060da8b9a21f655304d50fd935913,SP,302,23408.88,3.72,10.6,-9.7,56.4,Good,1045,4
7f2617c58d5d06806987308b45654351,SP,22,3656.8,3.82,9.1,-9.3,56.3,Good,1046,4
c8467937e403e76a8ee9f0ab13f6f5ef,MG,30,1853.79,4.07,13.3,-9.3,56.3,Good,1046,4
c31eff8334d6b3047ed34bebd4d62c36,SP,117,13061.34,3.89,12.0,-10.1,56.3,Good,1046,4
d2e753bb80b7d4faa77483ed00edc8ca,BA,13,1320.7,3.77,7.7,-14.9,56.3,Good,1046,4
a7f13822ceb966b076af67121f87b063,SP,72,11777.73,3.39,2.8,-18.8,56.2,Good,1050,4
903037660cf848a717166eb7a06d616e,SP,42,7855.2,3.93,11.9,-15.8,56.2,Good,1050,4
81336a0f57a33776419727a300249e90,SP,15,1351.9,4.07,13.3,-8.4,56.2,Good,1050,4
7ad32824caee82087b3e2e5f33b1bf32,SP,144,22021.37,3.86,13.2,-9.8,56.2,Good,1050,4
2c9e548be18521d1c43cde1c582c6de8,SP,124,6068.55,4.13,15.3,-6.6,56.2,Good,1050,4
bc302730ea8cf49b5c74f579febb5bbf,SP,11,2640.9,3.82,9.1,-10.1,56.1,Good,1055,4
977f9f63dd360c2a32ece2f93ad6d306,SP,19,2771.03,3.89,10.5,-10.8,56.1,Good,1055,4
cd68562d3f44870c08922d380acae552,SP,122,18119.7,4.02,15.6,-8.2,56.1,Good,1055,4
3935fe5fe0f82787a9dcb8deb62be09d,SP,16,1681.69,4.0,12.5,-10.8,56.0,Good,1058,4
8b9d6eec4a7eb7d0f9d579ce0b38324d,RJ,47,4323.35,4.11,14.9,-10.1,56.0,Good,1058,4
f12ff17ad8bbf01ec5c33b17e506649b,SP,28,6101.0,3.86,10.7,-10.4,56.0,Good,1058,4
058cb5aeb36d7c0fcae20fc85d5e0a59,RJ,11,1236.0,3.82,9.1,-11.1,56.0,Good,1058,4
6fc26fe110feebd80a433e1f012a84f9,SP,35,4150.87,3.91,11.4,-11.9,55.9,Good,1062,4
06a2c3af7b3aee5d69171b0e14f0ee87,MA,388,36030.99,4.02,19.1,-11.3,55.9,Good,1062,4
7040e82f899a04d1b434b795a43b4617,SP,205,9313.79,3.66,7.8,-10.2,55.9,Good,1062,4
2d50d6282f8aa2257819a77bfaa0efe0,SP,42,3392.17,3.81,9.5,-10.4,55.9,Good,1062,4
244c2f1bff6afe1f2eaf9bfe9b2aed38,SP,23,2580.0,3.78,8.7,-10.3,55.9,Good,1062,4
f3da5b2ff499efb8d4a6d371d175d7dd,SP,76,3548.98,3.93,11.8,-8.0,55.8,Good,1067,4
a066df7361163e7ddc5d7452dd17448b,SP,15,1078.3,4.4,20.0,-8.6,55.8,Good,1067,4
a13580f0e8f782b7a543885a0ef99f08,RJ,10,1304.9,4.4,20.0,-8.5,55.8,Good,1067,4
bce6a5ecf98e99fd2a8868b15c51f04b,SP,14,3464.9,4.07,14.3,-8.6,55.8,Good,1067,4
af4a0e4cfe1d9c26b6712b1be25a72e5,MG,20,8950.07,3.5,5.0,-12.5,55.7,Good,1071,4
fcdd820084f17e9982427971e4e9d47f,SP,16,4783.99,3.94,12.5,-15.9,55.6,Good,1072,4
b1fc4f64df5a0e8b6913ab38803c57a9,RJ,101,7492.2,3.93,12.9,-9.3,55.6,Good,1072,4
0747d5bb69f0586cc869d8af4c50f93e,RJ,12,322.8,3.75,8.3,-15.6,55.6,Good,1072,4
d17f467e4bf608a510c20d82f4ba3b6b,RS,11,2963.78,4.27,18.2,-7.2,55.6,Good,1072,4
b14db04aa7881970e83ffa9426897925,SP,76,5661.86,3.81,10.5,-10.2,55.5,Good,1076,4
440dd6ab244315c632130ecfb63827b1,SP,91,13124.0,3.89,13.2,-11.3,55.5,Good,1076,4
0249d282d911d23cb8b869ab49c99f53,SP,11,427.6,4.27,18.2,-8.4,55.4,Good,1078,4
557f22c76691849db52d2abccf0015d0,GO,12,799.87,3.27,0.0,-15.5,55.3,Good,1079,4
5ab05b6d86d417796c69ffd6774ec832,SP,10,1886.1,3.8,10.0,-11.7,55.3,Good,1079,4
b33aaadd1a8891d2dfef0c4c3bdf0371,SP,16,1504.0,3.94,12.5,-8.6,55.3,Good,1079,4
7139dc5186aa238b006e066d8fbab2e4,SP,22,1712.0,4.0,13.6,-11.0,55.3,Good,1079,4
4aba391bc3b88717ce08eb11e44937b2,BA,27,7456.78,4.0,14.8,-13.1,55.2,Good,1083,4
615005a3ef192c00c6f0e977cee3d2bc,SP,10,323.99,3.8,10.0,-10.4,55.1,Good,1084,4
655220df33262c7e0c4949a147366f94,SP,13,2245.0,4.08,15.4,-8.2,55.1,Good,1084,4
2156f2671501a81034d7d07f217609d0,SP,21,2909.5,4.0,14.3,-6.5,55.0,Good,1086,4
891071be6ba827b591264c90c2ae8a63,SP,84,3748.35,3.99,14.3,-11.2,55.0,Good,1086,4
dd7ddc04e1b6c2c614352b383efe2d36,SP,118,9308.71,3.85,12.7,-7.8,55.0,Good,1086,4
2709af9587499e95e803a6498a5a56e9,SP,24,1171.16,3.91,12.5,-9.7,54.9,Average,1089,4
157c3e4b42f81ac4a44e8b1ca2fe9876,SP,19,2015.4,3.79,10.5,-11.9,54.9,Average,1089,4
3771c85bac139d2344864ede5d9341e3,SP,26,1433.3,3.85,11.5,-7.7,54.9,Average,1089,4
23a0ffca143a15b9b5bbdb7d552f626a,SP,22,3548.52,3.95,13.6,-10.8,54.9,Average,1089,4
e96498ed8daaa3e9c23f7a62da76591c,SP,34,9619.09,3.94,14.7,-10.2,54.8,Average,1093,4
28f10b1c5e5abb9d4857745bede6147c,SP,28,835.0,4.0,14.3,-6.6,54.8,Average,1093,4
abe42c5d03695b4257b5c6cbf4e6784e,RJ,49,17000.0,3.96,16.3,-9.3,54.8,Average,1093,4
e5a3438891c0bfdb9394643f95273d8e,SP,214,7558.26,4.02,15.9,-6.5,54.7,Average,1096,4
9c068d10aca38e85c50202e17b4a7e88,MS,15,2476.3,4.29,20.0,-12.0,54.7,Average,1096,4
bc47d5d1490df2b36add65d733eafaba,SP,19,926.3,3.79,10.5,-11.9,54.7,Average,1096,4
d101c6da914ae3d53f7bee42283f2fe2,SP,13,1297.4,3.62,7.7,-17.7,54.6,Average,1099,4
50c9975695009e5e6473912e83a6d1da,MG,50,4034.3,3.94,14.0,-7.7,54.6,Average,1099,4
610f72e407cdd7caaa2f8167b0163fd8,SP,15,13322.72,3.8,13.3,-9.4,54.5,Average,1101,4
f46490624488d3ff7ce78613913a7711,SP,80,5690.95,3.76,11.2,-8.8,54.5,Average,1101,4
d93919c944be9cff128f6c9cb899eacb,SP,33,2666.7,4.0,15.2,-8.1,54.4,Average,1103,4
8444e55c1f13cd5c179851e5ca5ebd00,MG,91,21666.95,3.35,6.6,-22.5,54.4,Average,1103,4
b55638ad525e906c698fa2ce742c1742,SC,11,1094.8,4.18,18.2,-9.6,54.4,Average,1103,4
82e0a475a88cc9595229d8029273f045,SP,41,10827.02,3.63,9.8,-8.2,54.4,Average,1103,4
431af27f296bc6519d890aa5a05fdb11,SP,115,12825.39,3.82,13.9,-7.2,54.3,Average,1107,4
bb135baca94c82fcb731335ad5b04a03,SP,17,1014.29,3.18,0.0,-18.4,54.3,Average,1107,4
e2aee0892199b1d92530e371abd825bf,PR,34,4903.87,3.94,14.7,-11.3,54.3,Average,1107,4
6ec1a01e866584bb679eb9b098345919,SP,30,4014.81,4.24,20.0,-5.9,54.3,Average,1107,4
ed8cb7b190ceb6067227478e48cf8dde,SP,14,508.5,3.57,7.1,-8.9,54.3,Average,1107,4
52f0fe436a347ddad7ed5f9aa4e27eaa,SP,19,1525.24,3.74,10.5,-6.7,54.2,Average,1112,4
e89c4adbe7b1d0819dbb636e16461cf1,SP,24,3181.3,3.83,12.5,-10.6,54.2,Average,1112,4
cee48807215b30a12ca2ca10ffb5f250,SP,38,7192.23,3.82,13.2,-12.2,54.1,Average,1114,4
2a61c271b1ac763450d846849783e922,SP,17,1486.77,4.12,17.6,-7.6,54.1,Average,1114,4
d97df38225e5abadaff1e72cb72b823c,SP,28,1895.98,3.93,14.3,-9.3,54.1,Average,1114,4
f5f1f2c5f923f36ad79ea1d07185ddc9,SP,10,1517.77,3.7,10.0,-7.9,54.1,Average,1114,4
014c0679dd340a0e338872e7ec85666a,MG,14,7058.0,3.86,14.3,-11.1,53.9,Average,1118,4
04aa0a1c5ce6b222003403a3e11c3cc0,SP,11,5518.0,4.09,18.2,-11.6,53.9,Average,1118,4
87d3c3aeb3ead335511b3ce315eb341e,SP,15,749.35,3.5,6.7,-8.5,53.8,Average,1120,4
834f8533b2ecb6598dd004ff3de7203a,SP,40,4260.43,3.92,15.0,-6.4,53.8,Average,1120,4
b17b679f4f5ce2e03ce6968c62648246,SP,50,3424.18,3.98,16.0,-11.4,53.8,Average,1120,4
11bfa66332777660bd0640ee84d47006,SP,76,3925.87,3.89,14.5,-9.1,53.7,Average,1123,4
1a932caad4f9d804097d7f8e615baed1,SP,20,4661.0,3.9,15.0,-8.6,53.6,Average,1124,4
851773c885feb5e2da3b4f82bc2b17ce,SP,10,585.3,4.2,20.0,-8.5,53.5,Average,1125,4
bd15ee794d5e640d9dd71b665b2ab15b,SP,12,439.8,4.0,16.7,-14.2,53.2,Average,1126,4
dc8798cbf453b7e0f98745e396cc5616,SP,35,1733.0,3.37,5.7,-10.2,53.0,Average,1127,4
2a261b5b644fa05f4f2700eb93544f2c,SP,47,5025.0,3.94,17.0,-9.1,52.9,Average,1128,4
66e0557ecc2b4dbea057e93f215f68d8,SP,30,12141.0,4.03,20.0,-8.9,52.8,Average,1129,4
f918546be4bec7104d117789ba758b2b,SP,20,1483.0,3.85,15.0,-8.6,52.7,Average,1130,4
8e6d7754bc7e0f22c96d255ebda59eba,SP,79,13449.7,3.68,13.9,-5.1,52.7,Average,1130,4
6973a06f484aacf400ece213dbf3d946,SP,82,10611.51,3.81,15.9,-6.6,52.7,Average,1130,4
99a54764c341d5dc80b4a8fac4eba3fb,SP,43,3609.86,3.64,11.6,-9.9,52.6,Average,1133,4
3b872fd4747f01cc56206f2934198618,SP,25,2726.74,3.88,16.0,-9.5,52.5,Average,1134,4
be8e909810184b9b19e886129149d8e5,SP,15,629.85,3.73,13.3,-7.4,52.3,Average,1135,4
d3f39f05462b79a4562d35893a28f159,SP,32,2545.39,3.66,12.5,-12.2,52.2,Average,1136,4
0bf0150d5b9d60d9cd2906003332f085,SP,39,5774.6,3.79,15.4,-6.8,52.2,Average,1136,4
9d39404483343dd55c7ae254494d8388,SP,10,293.2,3.5,10.0,-11.6,51.7,Average,1138,4
002100f778ceb8431b7a1020ff7ab48f,SP,49,1297.7,3.94,18.4,-8.0,51.6,Average,1139,4
a44fb5a447105f8469bdf16bf9159f25,RS,19,3706.1,4.05,21.1,-7.0,51.4,Average,1140,4
3c03b12bab54d8b37d79d914bfdb1aa0,RJ,36,4068.66,3.8,16.7,-8.9,51.3,Average,1141,4
6039e27294dc75811c0d8a39069f52c0,SP,62,13420.9,3.74,17.7,-7.0,51.1,Average,1142,4
13074f016982ff2bd6c58ced8682f000,RS,13,1977.0,4.15,23.1,-7.9,51.1,Average,1142,4
4c8b8048e33af2bf94f2eb547746a916,SP,18,1708.04,3.5,11.1,-4.3,51.1,Average,1142,4
218f991754f360af9c2daa5e0b8e990c,SP,14,3554.32,3.64,14.3,-6.7,51.0,Average,1145,4
ea566164622c6b439516ab18062c42cd,SP,50,10309.42,3.78,18.0,-8.1,51.0,Average,1145,4
3fd1e727ba94cfe122d165e176ce7967,SP,34,2642.5,4.0,20.6,-8.7,51.0,Average,1145,4
d20b021d3efdf267a402c402a48ea64b,SP,78,3913.1,3.83,17.9,-5.2,50.9,Average,1148,4
66fd84ee7528c0c0de85d0f44a73d5ab,RS,11,1438.11,3.36,9.1,-15.2,50.8,Average,1149,4
dd55f1bb788714a40e7954c3be6df745,SP,35,7041.76,3.74,17.1,-9.3,50.7,Average,1150,4
63ffcb71394dd8ea3872ed9ffda17c74,RJ,17,399.0,3.18,5.9,-11.1,50.6,Average,1151,4
921323538c9f1c4e816f2720eac02bea,SP,15,1401.84,3.93,20.0,-9.3,50.5,Average,1152,4
b2479f944e1b90cf8a5de1bbfde284d6,SP,99,4699.35,3.47,12.1,-8.1,50.5,Average,1152,4
89bc797e2e29667aa035d4368f9b7f92,SP,16,392.4,3.88,18.8,-19.6,50.5,Average,1152,4
7586919161935337bf6b6d7ff5779648,RJ,11,1664.71,3.82,18.2,-5.5,50.4,Average,1155,4
f593898ec748b7a8cb81fc04edafd98a,SP,19,2602.94,3.68,15.8,-13.9,50.4,Average,1155,4
39c763cca83e654764b7a4a650fb9b7c,GO,11,761.0,3.82,18.2,-6.8,50.3,Average,1157,4
e0878efa0e0b7e5313ac0b43bc04c081,PR,26,5025.4,3.62,15.4,-11.0,50.2,Average,1158,4
c4fb51fb1c5b7c07bc5e67be6e7e8f6e,PR,15,1567.9,3.53,13.3,-10.8,50.1,Average,1159,4
cac4c8e7b1ca6252d8f20b2fc1a2e4af,SP,71,4234.12,3.69,16.9,-6.5,50.0,Average,1160,4
88460e8ebdecbfecb5f9601833981930,PR,238,32873.71,3.45,17.6,-11.0,50.0,Average,1160,4
00720abe85ba0859807595bbf045a33b,SP,13,1053.4,3.62,15.4,-7.8,49.8,Average,1162,4
ff69aa92bb6b1bf9b8b7a51c2ed9cf8b,SP,20,21940.8,3.65,20.0,-9.1,49.5,Average,1163,4
55bb6fe5bebe5012e2d7d9928e1128ff,SP,15,1816.55,3.47,13.3,-10.8,49.5,Average,1163,4
5058e8c1e82653974541e83690655b4a,SP,61,10434.04,3.28,11.5,-16.0,49.4,Average,1165,4
5b581417df4480f632484ba681e53944,SC,11,1641.6,3.73,18.2,-6.3,49.3,Average,1166,4
71039d19d4303bf9054d69e9a9236699,SP,35,3612.2,3.8,20.0,-7.9,49.2,Average,1167,4
6fd52c528dcb38be2eea044946b811f8,SP,67,7743.02,3.39,13.4,-10.8,49.1,Average,1168,4
c60b801f2d52c7f7f91de00870882a75,SP,38,11418.51,3.45,15.8,-10.3,48.7,Average,1169,4
beadbee30901a7f61d031b6b686095ad,SP,63,4338.98,3.94,23.8,-9.3,48.6,Average,1170,4
822bad9bc42b51213ba522fe87b7ab5d,SC,17,4881.0,4.24,29.4,-3.8,48.6,Average,1170,4
850913d59ce317156b00f3705f1c3edb,SP,28,2141.0,3.64,17.9,-6.8,48.6,Average,1170,4
f08c008c8a8d31417763738a1788a2a8,PR,18,1068.21,3.59,16.7,-4.4,48.6,Average,1170,4
0417b067eeab773d2f7061a726dc477f,SC,13,1859.18,3.92,23.1,-3.9,48.5,Average,1174,4
5abb8ea023c77787f2c15da891c8d384,SC,13,2241.0,3.92,23.1,-7.2,48.5,Average,1174,4
070d165398b553f3b4b851c216b8a358,SP,30,3312.08,3.37,13.3,-8.0,48.5,Average,1174,4
0b35c634521043bf4b47e21547b99ab5,PR,49,14396.4,3.42,16.3,-12.2,48.4,Average,1177,4
712e6ed8aa4aa1fa65dab41fed5737e4,SC,77,39385.0,3.39,20.8,-9.1,48.0,Average,1178,4
d71d863e5ef30d94e440c11be17dcd8f,SP,22,9217.9,3.25,13.6,-9.9,47.6,Average,1179,4
ef990a83bbea832f36ebe81376335aa8,SC,42,5028.59,3.69,21.4,-8.2,47.3,Average,1180,4
d9e7e7778b32987280a6f2cb9a39c57d,SP,11,722.5,3.55,18.2,-10.1,47.2,Average,1181,4
c6a7539d424a8402232c2228d7a03c5e,SP,10,607.5,3.1,10.0,-10.2,47.2,Average,1181,4
adcf50477d6a1f5d91bb9d54c4903cb5,MG,16,981.86,3.56,18.8,-13.4,47.0,Average,1183,4
972d0f9cf61b499a4812cf0bfa3ad3c4,SC,76,7503.91,3.11,11.8,-9.4,46.9,Average,1184,4
2eb70248d66e0e3ef83659f71b244378,SP,185,38850.92,2.78,11.4,-10.0,46.8,Average,1185,4
eb4df17aed01d918c65f0f8d650900c0,SP,11,3739.87,3.91,27.3,-10.5,46.0,Average,1186,4
c4d51195486dc781531876a7d00453d8,SP,17,11468.98,3.94,29.4,-12.8,45.9,Average,1187,4
d32e3909cfb714fb2a6cb092c85b9c5f,SP,10,2827.9,3.5,20.0,-11.1,45.7,Average,1188,4
cb5df0dcb9e280b1780e9d589889f2c7,SP,11,1614.88,3.4,18.2,-15.5,45.6,Average,1189,4
7fc87cc3e89b3d1d5cabdca32f8485aa,SP,14,2153.9,3.57,21.4,-9.0,45.6,Average,1189,4
02dcd3e8e25bee036e32512bcf175493,MG,13,1341.9,4.08,30.8,-6.3,45.5,Average,1191,4
099095b050cfe8eb1ddff5317587e96e,SP,16,5003.84,3.38,18.8,-9.8,45.4,Average,1192,4
bbad7e518d7af88a0897397ffdca1979,SP,66,4498.51,3.25,16.7,-9.0,45.1,Average,1193,4
602044f2c16190c2c6e45eb35c2e21cb,SP,46,3519.17,3.29,17.4,-8.2,45.0,Average,1194,4
ec4608a1f76453166bb312b2968aeaf4,SP,17,2528.75,3.29,17.6,-6.6,44.8,Average,1195,4
0725b8c0f3f906e58f70cbe76b7c748c,SP,16,2330.32,3.66,25.0,-10.8,44.4,Average,1196,4
082e0bf4cb865a6533b1e8e498cc0255,SP,11,2073.3,3.27,18.2,-14.6,44.2,Average,1197,4
5f67c6082caacb26e431a7b17940cece,PR,13,1662.6,3.54,23.1,-1.5,44.1,Average,1198,4
7f152321c60a266edc53af1925ef96c1,SC,19,3669.81,3.95,31.6,-5.6,43.7,Average,1199,4
3a1a1fec38dd360f15fc912e821e169d,SP,14,1934.56,3.79,28.6,-4.4,43.6,Average,1200,4
86bb7c4b535e49a541baf3266b1c95b1,SP,16,8162.4,3.2,18.8,-11.9,43.6,Average,1200,4
4e5725ba188db8252977a4f0227bd462,SP,21,1865.09,3.52,23.8,-2.0,43.5,Average,1202,4
5b0cc932433fa5184b5b94bfe6bcc256,SP,12,1437.8,3.58,25.0,-8.0,43.4,Average,1203,4
40db9e9aa57f7bb151bcda6b0f9bdbb7,PE,12,23168.0,2.36,8.3,-15.5,42.3,Average,1204,4
1dfe5347016252a7884b694d4f10f5c4,SP,19,1607.4,3.53,26.3,-6.8,42.0,Average,1205,4
91f0eec23d4a61d7d7caeefa3f0ad1ca,SC,11,2190.8,3.55,27.3,-5.7,41.7,Average,1206,4
c37b2059d4f90d4feead554e5246565e,SP,11,1047.3,3.55,27.3,-3.9,41.6,Average,1207,4
054694fa03fe82cec4b7551487331d74,SP,19,7799.1,3.42,26.3,-9.5,41.5,Average,1208,4
835f0f7810c76831d6c7d24c7a646d4d,SP,41,4975.3,3.41,26.8,-5.5,40.7,Average,1209,4
2a1348e9addc1af5aaa619b1a3679d6b,MG,46,2651.45,3.22,23.9,-6.5,40.1,Average,1210,4
ecccfa2bb93b34a3bf033cc5d1dcdc69,PR,12,1120.85,2.83,16.7,-20.2,40.0,Average,1211,4
a49928bcdf77c55c6d6e05e09a9b4ca5,SP,94,8495.09,3.06,22.3,-4.2,39.9,Average,1212,4
2aa3443d7bf9d9bb11133f420d75e083,RJ,10,647.0,3.0,20.0,-8.9,39.8,Average,1213,4
cb41bfbcbda0aea354a834ab222f9a59,SP,10,3393.0,3.5,30.0,-7.0,39.6,Average,1214,4
821fb029fc6e495ca4f08a35d51e53a5,SP,24,17851.62,3.48,33.3,-4.3,38.9,Average,1215,4
ede0c03645598cdfc63ca8237acbe73d,SP,43,2352.15,3.57,32.6,-4.1,38.6,Average,1216,4
f76a3b1349b6df1ee875d1f3fa4340f0,SP,23,4060.89,3.39,30.4,-4.3,38.1,Average,1217,4
e64d65bc8dbec2accda90c58de5d1246,SP,12,1678.8,3.08,25.0,-7.3,37.7,Average,1218,4
ad781527c93d00d89a11eecd9dcad7c1,SP,35,5948.65,3.43,34.3,-8.2,36.4,Average,1219,4
54965bbe3e4f07ae045b90b0b8541f52,PR,72,10191.7,3.18,30.6,-3.3,36.3,Average,1220,4
1ca7077d890b907f89be8c954a02686a,SP,108,12544.34,2.39,16.7,-6.7,36.2,Average,1221,4
b19f3ca2ea475913750f25a5c37c8d8f,MG,19,4201.66,3.26,31.6,-7.1,35.9,Average,1222,4
02d35243ea2e497335cd0f076b45675d,RN,14,6540.9,2.64,28.6,-6.1,31.0,At Risk,1223,4
5bc55dbe2f12b6af6d83ed46023e0dc8,MG,16,3224.2,2.44,25.0,-7.2,30.6,At Risk,1224,4
26e2c91ef821e1ff8985f408788fe35b,SP,12,1649.4,3.0,41.7,1.5,26.4,At Risk,1225,4
b1b3948701c5c72445495bd161b83a4c,SP,14,21519.5,1.93,64.3,4.1,2.3,At Risk,1226,4
